,TRBV1*01,TRBV10-1*01,TRBV10-1*02,TRBV10-2*01,TRBV10-2*02,TRBV10-3*01,TRBV10-3*02,TRBV10-3*03,TRBV10-3*04,TRBV11-1*01,TRBV11-2*01,TRBV11-2*02,TRBV11-2*03,TRBV11-3*01,TRBV11-3*02,TRBV11-3*03,TRBV12-1*01,TRBV12-2*01,TRBV12-3*01,TRBV12-4*01,TRBV12-4*02,TRBV12-5*01,TRBV13*01,TRBV13*02,TRBV14*01,TRBV14*02,TRBV15*01,TRBV15*02,TRBV15*03,TRBV16*01,TRBV16*02,TRBV16*03,TRBV17*01,TRBV18*01,TRBV19*01,TRBV19*02,TRBV19*03,TRBV2*01,TRBV2*02,TRBV2*03,TRBV20-1*01,TRBV20-1*02,TRBV20-1*03,TRBV20-1*04,TRBV20-1*05,TRBV20-1*06,TRBV20-1*07,TRBV20/OR9-2*01,TRBV20/OR9-2*02,TRBV20/OR9-2*03,TRBV21-1*01,TRBV21/OR9-2*01,TRBV23-1*01,TRBV23/OR9-2*01,TRBV23/OR9-2*02,TRBV24-1*01,TRBV24/OR9-2*01,TRBV25-1*01,TRBV26*01,TRBV26/OR9-2*01,TRBV26/OR9-2*02,TRBV27*01,TRBV28*01,TRBV29-1*01,TRBV29-1*02,TRBV29-1*03,TRBV29/OR9-2*01,TRBV29/OR9-2*02,TRBV3-1*01,TRBV3-1*02,TRBV3-2*01,TRBV3-2*02,TRBV3-2*03,TRBV30*01,TRBV30*02,TRBV30*04,TRBV30*05,TRBV4-1*01,TRBV4-1*02,TRBV4-2*01,TRBV4-2*02,TRBV4-3*01,TRBV4-3*02,TRBV4-3*03,TRBV4-3*04,TRBV5-1*01,TRBV5-1*02,TRBV5-3*01,TRBV5-3*02,TRBV5-4*01,TRBV5-4*02,TRBV5-4*03,TRBV5-4*04,TRBV5-5*01,TRBV5-5*02,TRBV5-5*03,TRBV5-6*01,TRBV5-7*01,TRBV5-8*01,TRBV5-8*02,TRBV6-1*01,TRBV6-2*01,TRBV6-3*01,TRBV6-4*01,TRBV6-4*02,TRBV6-5*01,TRBV6-6*01,TRBV6-6*02,TRBV6-6*03,TRBV6-6*04,TRBV6-6*05,TRBV6-7*01,TRBV6-8*01,TRBV6-9*01,TRBV7-1*01,TRBV7-2*01,TRBV7-2*02,TRBV7-2*03,TRBV7-2*04,TRBV7-3*01,TRBV7-3*02,TRBV7-3*03,TRBV7-3*04,TRBV7-3*05,TRBV7-4*01,TRBV7-6*01,TRBV7-6*02,TRBV7-7*01,TRBV7-7*02,TRBV7-8*01,TRBV7-8*02,TRBV7-8*03,TRBV7-9*01,TRBV7-9*02,TRBV7-9*03,TRBV7-9*04,TRBV7-9*05,TRBV7-9*06,TRBV7-9*07,TRBV9*01,TRBV9*02,TRBV9*03
TRBV1*01,0,53,55,57,57,57,57,57,57,55,56,56,56,49,49,49,44,40,38,39,39,43,48,48,50,50,34,34,34,51,47,51,50,55,54,53,53,40,40,40,53,53,53,53,53,53,53,45,45,45,47,43,48,49,48,52,52,55,57,57,57,51,52,46,46,46,46,46,30,28,36,37,37,46,46,46,46,39,39,29,29,35,35,35,35,42,42,51,51,48,48,48,37,43,43,43,45,43,46,46,52,56,56,52,52,56,57,57,57,56,57,55,57,57,43,52,52,52,52,46,46,46,46,46,49,38,38,41,41,42,42,42,47,47,47,47,47,47,39,48,48,48
TRBV10-1*01,53,0,4,37,37,19,19,19,19,56,56,56,56,50,50,50,54,50,51,55,55,55,54,54,54,54,40,40,40,59,55,59,56,58,39,37,37,48,48,48,57,57,57,57,57,57,57,54,54,54,53,57,56,56,56,43,43,35,47,47,47,45,38,57,57,57,57,57,56,56,53,53,53,48,48,44,48,54,54,49,49,49,49,49,49,55,55,57,57,48,47,48,40,51,51,51,51,51,55,55,41,45,45,37,37,32,28,28,28,32,28,32,36,32,48,55,55,55,55,56,56,56,56,56,56,59,59,59,59,59,59,59,56,56,56,56,56,56,48,55,55,55
TRBV10-1*02,55,4,0,37,37,20,20,20,20,56,56,56,56,52,52,52,54,50,51,55,55,55,54,54,54,54,40,40,40,58,54,58,55,57,38,36,36,50,50,50,58,58,58,58,58,58,58,56,56,56,55,59,60,60,60,44,44,34,47,47,47,47,39,59,59,59,59,59,58,58,55,55,55,48,48,44,48,55,55,51,51,51,51,51,51,55,55,57,57,50,49,50,42,53,53,53,53,53,57,57,41,45,45,37,37,32,28,28,28,32,28,32,36,32,48,55,55,55,55,56,56,56,56,56,56,59,59,59,59,59,59,59,56,56,56,56,56,56,48,57,57,57
TRBV10-2*01,57,37,37,0,0,34,34,34,34,51,51,51,51,52,52,52,56,46,59,56,56,59,59,59,59,59,50,50,50,48,48,48,51,45,45,45,45,45,45,45,57,57,58,57,57,57,57,53,53,53,38,45,49,49,49,56,56,44,53,53,53,41,47,59,59,59,59,59,55,54,55,55,55,54,54,54,54,56,56,55,55,54,54,54,54,59,59,52,52,56,53,56,45,57,57,57,57,56,56,56,49,41,41,43,43,30,29,29,29,30,29,28,30,26,50,58,58,58,58,58,58,58,58,58,54,59,59,54,55,59,59,59,55,55,55,55,55,55,47,61,61,61
TRBV10-2*02,57,37,37,0,0,34,34,34,34,51,51,51,51,52,52,52,56,46,59,56,56,59,59,59,59,59,50,50,50,48,48,48,51,45,45,45,45,45,45,45,57,57,58,57,57,57,57,53,53,53,38,45,49,49,49,56,56,44,53,53,53,41,47,59,59,59,59,59,55,54,55,55,55,54,54,54,54,56,56,55,55,54,54,54,54,59,59,52,52,56,53,56,45,57,57,57,57,56,56,56,49,41,41,43,43,30,29,29,29,30,29,28,30,26,50,58,58,58,58,58,58,58,58,58,54,59,59,54,55,59,59,59,55,55,55,55,55,55,47,61,61,61
TRBV10-3*01,57,19,20,34,34,0,0,0,0,52,52,52,52,51,51,51,60,53,60,56,56,60,56,56,59,59,48,48,48,55,55,55,57,53,36,34,34,46,46,46,53,53,53,53,53,53,53,57,57,57,46,53,51,52,52,40,40,34,47,47,47,41,35,62,62,62,62,62,59,59,59,59,59,51,51,47,51,51,51,58,58,58,58,58,58,53,53,60,60,53,52,53,41,51,51,51,53,53,57,57,50,37,37,45,45,28,28,28,28,28,28,32,36,32,51,55,55,55,55,55,55,55,55,55,55,59,59,58,58,59,59,59,56,56,56,56,56,56,48,57,57,57
TRBV10-3*02,57,19,20,34,34,0,0,0,0,52,52,52,52,51,51,51,60,53,60,56,56,60,56,56,59,59,48,48,48,55,55,55,57,53,36,34,34,46,46,46,53,53,53,53,53,53,53,57,57,57,46,53,51,52,52,40,40,34,47,47,47,41,35,62,62,62,62,62,59,59,59,59,59,51,51,47,51,51,51,58,58,58,58,58,58,53,53,60,60,53,52,53,41,51,51,51,53,53,57,57,50,37,37,45,45,28,28,28,28,28,28,32,36,32,51,55,55,55,55,55,55,55,55,55,55,59,59,58,58,59,59,59,56,56,56,56,56,56,48,57,57,57
TRBV10-3*03,57,19,20,34,34,0,0,0,0,52,52,52,52,51,51,51,60,53,60,56,56,60,56,56,59,59,48,48,48,55,55,55,57,53,36,34,34,46,46,46,53,53,53,53,53,53,53,57,57,57,46,53,51,52,52,40,40,34,47,47,47,41,35,62,62,62,62,62,59,59,59,59,59,51,51,47,51,51,51,58,58,58,58,58,58,53,53,60,60,53,52,53,41,51,51,51,53,53,57,57,50,37,37,45,45,28,28,28,28,28,28,32,36,32,51,55,55,55,55,55,55,55,55,55,55,59,59,58,58,59,59,59,56,56,56,56,56,56,48,57,57,57
TRBV10-3*04,57,19,20,34,34,0,0,0,0,52,52,52,52,51,51,51,60,53,60,56,56,60,56,56,59,59,48,48,48,55,55,55,57,53,36,34,34,46,46,46,53,53,53,53,53,53,53,57,57,57,46,53,51,52,52,40,40,34,47,47,47,41,35,62,62,62,62,62,59,59,59,59,59,51,51,47,51,51,51,58,58,58,58,58,58,53,53,60,60,53,52,53,41,51,51,51,53,53,57,57,50,37,37,45,45,28,28,28,28,28,28,32,36,32,51,55,55,55,55,55,55,55,55,55,55,59,59,58,58,59,59,59,56,56,56,56,56,56,48,57,57,57
TRBV11-1*01,55,56,56,51,51,52,52,52,52,0,11,11,11,18,18,18,46,36,46,47,47,45,49,49,36,36,52,52,55,33,29,33,34,39,51,55,55,43,43,43,58,58,58,58,58,58,58,54,54,54,41,42,35,34,34,52,52,51,56,60,60,53,51,60,60,60,60,60,46,44,51,47,47,59,59,59,59,48,48,52,52,49,49,49,49,43,43,42,42,41,40,41,37,45,45,49,39,45,46,46,49,47,47,56,56,53,53,53,53,53,53,54,52,53,38,36,40,40,36,39,39,39,39,39,40,37,37,34,38,32,32,32,34,34,34,34,34,34,30,50,50,50
TRBV11-2*01,56,56,56,51,51,52,52,52,52,11,0,0,0,19,19,19,46,39,39,40,40,43,52,52,44,44,56,56,53,35,31,35,37,44,52,56,56,36,36,36,59,59,60,59,59,59,59,55,55,55,42,43,36,35,35,55,55,52,52,56,56,50,54,59,59,59,59,59,44,42,49,45,45,59,59,59,59,52,52,53,53,53,53,53,53,47,47,43,43,45,44,45,41,48,48,52,45,48,48,48,48,47,47,52,52,49,49,49,49,49,49,55,48,49,39,36,40,40,36,35,35,35,35,35,41,42,42,39,43,34,34,34,36,36,36,36,36,36,32,47,47,47
TRBV11-2*02,56,56,56,51,51,52,52,52,52,11,0,0,0,19,19,19,46,39,39,40,40,43,52,52,44,44,56,56,53,35,31,35,37,44,52,56,56,36,36,36,59,59,60,59,59,59,59,55,55,55,42,43,36,35,35,55,55,52,52,56,56,50,54,59,59,59,59,59,44,42,49,45,45,59,59,59,59,52,52,53,53,53,53,53,53,47,47,43,43,45,44,45,41,48,48,52,45,48,48,48,48,47,47,52,52,49,49,49,49,49,49,55,48,49,39,36,40,40,36,35,35,35,35,35,41,42,42,39,43,34,34,34,36,36,36,36,36,36,32,47,47,47
TRBV11-2*03,56,56,56,51,51,52,52,52,52,11,0,0,0,19,19,19,46,39,39,40,40,43,52,52,44,44,56,56,53,35,31,35,37,44,52,56,56,36,36,36,59,59,60,59,59,59,59,55,55,55,42,43,36,35,35,55,55,52,52,56,56,50,54,59,59,59,59,59,44,42,49,45,45,59,59,59,59,52,52,53,53,53,53,53,53,47,47,43,43,45,44,45,41,48,48,52,45,48,48,48,48,47,47,52,52,49,49,49,49,49,49,55,48,49,39,36,40,40,36,35,35,35,35,35,41,42,42,39,43,34,34,34,36,36,36,36,36,36,32,47,47,47
TRBV11-3*01,49,50,52,52,52,51,51,51,51,18,19,19,19,0,0,0,44,40,40,44,44,41,51,51,40,40,48,48,45,38,34,38,41,45,53,55,55,40,40,40,55,55,55,55,55,55,55,56,56,56,38,41,37,36,36,53,53,50,55,59,59,50,54,52,52,52,52,52,38,38,39,35,35,59,59,59,59,47,47,43,43,40,40,40,40,42,42,38,38,32,31,32,32,42,42,46,35,42,41,41,44,47,47,52,52,56,52,52,52,56,52,56,52,56,31,39,43,43,39,38,38,38,38,38,42,39,39,40,40,33,33,33,31,31,31,31,31,31,27,42,42,42
TRBV11-3*02,49,50,52,52,52,51,51,51,51,18,19,19,19,0,0,0,44,40,40,44,44,41,51,51,40,40,48,48,45,38,34,38,41,45,53,55,55,40,40,40,55,55,55,55,55,55,55,56,56,56,38,41,37,36,36,53,53,50,55,59,59,50,54,52,52,52,52,52,38,38,39,35,35,59,59,59,59,47,47,43,43,40,40,40,40,42,42,38,38,32,31,32,32,42,42,46,35,42,41,41,44,47,47,52,52,56,52,52,52,56,52,56,52,56,31,39,43,43,39,38,38,38,38,38,42,39,39,40,40,33,33,33,31,31,31,31,31,31,27,42,42,42
TRBV11-3*03,49,50,52,52,52,51,51,51,51,18,19,19,19,0,0,0,44,40,40,44,44,41,51,51,40,40,48,48,45,38,34,38,41,45,53,55,55,40,40,40,55,55,55,55,55,55,55,56,56,56,38,41,37,36,36,53,53,50,55,59,59,50,54,52,52,52,52,52,38,38,39,35,35,59,59,59,59,47,47,43,43,40,40,40,40,42,42,38,38,32,31,32,32,42,42,46,35,42,41,41,44,47,47,52,52,56,52,52,52,56,52,56,52,56,31,39,43,43,39,38,38,38,38,38,42,39,39,40,40,33,33,33,31,31,31,31,31,31,27,42,42,42
TRBV12-1*01,44,54,54,56,56,60,60,60,60,46,46,46,46,44,44,44,0,21,30,33,33,38,55,55,41,41,40,40,39,45,41,45,40,49,59,59,59,37,37,37,62,62,62,62,62,62,62,52,52,52,46,44,45,45,44,54,54,55,56,56,56,56,57,49,49,49,49,49,38,40,39,40,40,55,55,55,55,40,40,40,40,40,40,40,40,37,37,47,47,45,45,45,45,49,49,53,48,49,49,49,51,60,60,54,54,58,54,54,54,58,54,54,58,56,38,43,43,43,43,38,38,38,38,38,38,38,38,42,42,37,37,37,35,35,35,35,39,39,31,52,52,52
TRBV12-2*01,40,50,50,46,46,53,53,53,53,36,39,39,39,40,40,40,21,0,30,30,30,29,51,51,35,35,36,36,35,34,33,34,28,41,53,54,54,28,28,28,59,59,59,59,59,59,59,47,47,47,40,34,34,35,34,50,50,50,55,55,55,47,55,50,50,50,50,50,36,34,35,36,36,56,56,56,56,38,38,36,36,36,36,36,36,40,40,47,47,45,45,45,41,49,49,53,48,49,49,49,47,53,53,50,50,49,45,45,45,49,45,48,51,47,33,35,39,39,35,33,33,33,33,33,36,33,33,37,37,31,31,31,29,29,29,29,33,33,21,52,52,52
TRBV12-3*01,38,51,51,59,59,60,60,60,60,46,39,39,39,40,40,40,30,30,0,7,7,29,52,52,42,42,36,36,33,43,39,43,39,51,58,57,57,35,35,35,56,56,57,56,56,56,56,45,45,45,47,43,43,43,42,53,53,55,58,58,58,56,58,42,42,42,42,42,37,37,33,34,34,52,52,52,52,38,38,31,31,34,34,34,34,39,39,38,38,44,44,44,44,45,45,49,47,45,44,44,47,60,60,47,47,60,56,56,56,60,56,56,56,56,39,39,39,39,39,39,39,39,39,39,41,32,32,39,39,32,32,32,32,32,32,32,36,36,28,45,45,45
TRBV12-4*01,39,55,55,56,56,56,56,56,56,47,40,40,40,44,44,44,33,30,7,0,0,33,50,50,40,40,39,39,36,40,40,40,36,50,56,55,55,31,31,31,57,57,58,57,57,57,57,46,46,46,44,40,40,40,39,50,50,52,59,59,59,50,57,42,42,42,42,42,35,35,37,38,38,53,53,53,53,39,39,35,35,38,38,38,38,43,43,43,43,48,48,48,45,49,49,53,45,49,48,48,54,54,54,51,51,54,55,55,55,54,55,50,52,52,43,40,40,40,40,40,40,40,40,40,42,36,36,40,40,36,36,36,35,35,35,35,39,39,31,49,49,49
TRBV12-4*02,39,55,55,56,56,56,56,56,56,47,40,40,40,44,44,44,33,30,7,0,0,33,50,50,40,40,39,39,36,40,40,40,36,50,56,55,55,31,31,31,57,57,58,57,57,57,57,46,46,46,44,40,40,40,39,50,50,52,59,59,59,50,57,42,42,42,42,42,35,35,37,38,38,53,53,53,53,39,39,35,35,38,38,38,38,43,43,43,43,48,48,48,45,49,49,53,45,49,48,48,54,54,54,51,51,54,55,55,55,54,55,50,52,52,43,40,40,40,40,40,40,40,40,40,42,36,36,40,40,36,36,36,35,35,35,35,39,39,31,49,49,49
TRBV12-5*01,43,55,55,59,59,60,60,60,60,45,43,43,43,41,41,41,38,29,29,33,33,0,49,49,46,46,40,40,37,45,41,45,41,50,54,55,55,43,43,43,52,52,52,52,52,52,52,51,51,51,49,45,43,43,43,54,54,53,54,58,58,52,57,55,55,55,55,55,30,30,27,27,27,56,56,56,56,40,40,36,36,38,38,38,38,50,50,47,47,45,45,45,41,50,50,54,48,50,52,52,51,58,58,53,53,58,54,54,54,58,54,53,57,57,40,48,48,48,48,43,43,43,43,43,38,38,38,39,39,34,34,34,38,38,38,38,34,34,30,52,52,52
TRBV13*01,48,54,54,59,59,56,56,56,56,49,52,52,52,51,51,51,55,51,52,50,50,49,0,0,47,47,45,45,47,54,50,54,54,56,56,54,54,51,51,51,52,52,52,52,52,52,52,55,55,55,54,50,54,54,54,50,50,48,55,59,59,57,52,60,60,60,60,60,41,45,48,48,48,55,55,55,55,55,55,43,43,49,49,49,49,39,39,44,40,36,35,36,25,33,33,33,29,33,41,41,56,56,56,54,54,57,58,58,58,57,58,57,59,59,51,56,54,54,56,56,56,56,56,56,52,50,50,47,47,50,50,50,50,50,50,50,50,50,42,42,42,42
TRBV13*02,48,54,54,59,59,56,56,56,56,49,52,52,52,51,51,51,55,51,52,50,50,49,0,0,47,47,45,45,47,54,50,54,54,56,56,54,54,51,51,51,52,52,52,52,52,52,52,55,55,55,54,50,54,54,54,50,50,48,55,59,59,57,52,60,60,60,60,60,41,45,48,48,48,55,55,55,55,55,55,43,43,49,49,49,49,39,39,44,40,36,35,36,25,33,33,33,29,33,41,41,56,56,56,54,54,57,58,58,58,57,58,57,59,59,51,56,54,54,56,56,56,56,56,56,52,50,50,47,47,50,50,50,50,50,50,50,50,50,42,42,42,42
TRBV14*01,50,54,54,59,59,59,59,59,59,36,44,44,44,40,40,40,41,35,42,40,40,46,47,47,0,0,51,51,51,46,42,46,37,46,55,55,55,47,47,47,59,59,59,59,59,59,59,56,56,56,50,51,48,47,47,52,52,49,60,60,60,57,54,52,52,52,52,52,46,48,49,49,49,52,52,53,52,48,48,47,47,43,43,43,43,41,41,42,42,41,41,41,38,45,45,49,39,45,46,46,54,50,50,59,59,53,54,54,54,53,54,52,60,55,40,31,35,35,31,43,43,43,43,43,47,36,36,41,41,36,36,36,37,37,37,37,40,40,33,49,49,49
TRBV14*02,50,54,54,59,59,59,59,59,59,36,44,44,44,40,40,40,41,35,42,40,40,46,47,47,0,0,51,51,51,46,42,46,37,46,55,55,55,47,47,47,59,59,59,59,59,59,59,56,56,56,50,51,48,47,47,52,52,49,60,60,60,57,54,52,52,52,52,52,46,48,49,49,49,52,52,53,52,48,48,47,47,43,43,43,43,41,41,42,42,41,41,41,38,45,45,49,39,45,46,46,54,50,50,59,59,53,54,54,54,53,54,52,60,55,40,31,35,35,31,43,43,43,43,43,47,36,36,41,41,36,36,36,37,37,37,37,40,40,33,49,49,49
TRBV15*01,34,40,40,50,50,48,48,48,48,52,56,56,56,48,48,48,40,36,36,39,39,40,45,45,51,51,0,0,3,49,45,49,46,53,50,48,48,37,37,37,60,60,60,60,60,60,60,47,47,47,48,44,50,51,50,51,51,48,53,53,53,51,49,48,48,48,48,48,38,38,35,36,36,56,56,56,56,40,40,29,29,32,32,32,32,47,47,52,52,45,45,45,37,44,44,44,46,44,52,52,45,53,53,46,46,50,46,46,46,50,46,46,46,46,41,53,53,53,53,49,49,49,49,49,52,48,48,47,47,47,47,47,39,39,39,39,43,43,31,53,53,53
TRBV15*02,34,40,40,50,50,48,48,48,48,52,56,56,56,48,48,48,40,36,36,39,39,40,45,45,51,51,0,0,3,49,45,49,46,53,50,48,48,37,37,37,60,60,60,60,60,60,60,47,47,47,48,44,50,51,50,51,51,48,53,53,53,51,49,48,48,48,48,48,38,38,35,36,36,56,56,56,56,40,40,29,29,32,32,32,32,47,47,52,52,45,45,45,37,44,44,44,46,44,52,52,45,53,53,46,46,50,46,46,46,50,46,46,46,46,41,53,53,53,53,49,49,49,49,49,52,48,48,47,47,47,47,47,39,39,39,39,43,43,31,53,53,53
TRBV15*03,34,40,40,50,50,48,48,48,48,55,53,53,53,45,45,45,39,35,33,36,36,37,47,47,51,51,3,3,0,46,42,46,46,53,50,48,48,34,34,34,62,62,62,62,62,62,62,49,49,49,45,41,47,48,47,54,54,48,53,53,53,48,52,48,48,48,48,48,35,35,32,33,33,56,56,56,56,40,40,29,29,32,32,32,32,46,46,49,49,45,45,45,37,46,46,46,48,46,54,54,44,53,53,46,46,50,46,46,46,50,46,46,46,46,41,53,53,53,53,49,49,49,49,49,51,48,48,47,47,44,44,44,36,36,36,36,40,40,28,50,50,50
TRBV16*01,51,59,58,48,48,55,55,55,55,33,35,35,35,38,38,38,45,34,43,40,40,45,54,54,46,46,49,49,46,0,0,0,35,27,52,56,56,41,41,41,62,62,62,62,62,62,62,58,58,58,23,17,19,24,23,50,50,50,59,59,59,48,58,62,62,62,62,62,46,44,46,47,47,59,59,59,59,43,43,46,46,43,43,43,43,40,40,40,40,40,40,40,33,44,44,48,41,43,44,44,50,48,48,59,59,53,52,52,52,53,52,55,52,53,41,42,42,42,42,43,43,43,43,43,45,44,44,47,48,36,36,36,39,39,39,39,39,39,31,48,48,48
TRBV16*02,47,55,54,48,48,55,55,55,55,29,31,31,31,34,34,34,41,33,39,40,40,41,50,50,42,42,45,45,42,0,0,0,34,25,48,52,52,41,41,41,58,58,58,58,58,58,58,54,54,54,23,17,18,23,22,46,46,46,55,55,55,48,54,58,58,58,58,58,42,40,42,43,43,55,55,55,55,39,39,42,42,39,39,39,39,36,36,36,36,36,36,36,29,40,40,44,37,39,40,40,46,48,48,55,55,53,52,52,52,53,52,55,52,53,37,38,38,38,38,39,39,39,39,39,41,40,40,43,44,32,32,32,35,35,35,35,35,35,27,44,44,44
TRBV16*03,51,59,58,48,48,55,55,55,55,33,35,35,35,38,38,38,45,34,43,40,40,45,54,54,46,46,49,49,46,0,0,0,35,27,52,56,56,41,41,41,62,62,62,62,62,62,62,58,58,58,23,17,19,24,23,50,50,50,59,59,59,48,58,62,62,62,62,62,46,44,46,47,47,59,59,59,59,43,43,46,46,43,43,43,43,40,40,40,40,40,40,40,33,44,44,48,41,43,44,44,50,48,48,59,59,53,52,52,52,53,52,55,52,53,41,42,42,42,42,43,43,43,43,43,45,44,44,47,48,36,36,36,39,39,39,39,39,39,31,48,48,48
TRBV17*01,50,56,55,51,51,57,57,57,57,34,37,37,37,41,41,41,40,28,39,36,36,41,54,54,37,37,46,46,46,35,34,35,0,38,48,52,52,32,32,32,59,59,59,59,59,59,59,49,49,49,40,38,35,34,34,56,56,52,55,55,55,53,59,48,48,48,48,48,45,43,47,47,47,56,56,56,56,36,36,40,40,42,42,42,42,45,45,46,46,43,46,43,39,44,44,48,43,44,45,45,54,54,54,56,56,53,53,53,53,53,53,51,53,49,37,38,42,42,38,35,35,35,35,35,42,32,32,37,36,32,32,32,37,37,37,37,37,37,33,51,51,51
TRBV18*01,55,58,57,45,45,53,53,53,53,39,44,44,44,45,45,45,49,41,51,50,50,50,56,56,46,46,53,53,53,27,25,27,38,0,47,51,51,50,50,50,62,62,62,62,62,62,62,55,55,55,36,29,28,32,32,50,50,50,60,60,60,53,53,58,58,58,58,58,48,46,49,49,49,52,52,52,52,46,46,50,50,47,47,47,47,52,52,46,46,49,49,49,42,54,54,58,51,53,54,54,54,49,49,59,59,54,53,53,53,54,53,56,58,54,48,50,46,46,50,46,46,46,46,46,45,47,47,50,51,43,43,43,43,43,43,43,43,43,35,58,58,58
TRBV19*01,54,39,38,45,45,36,36,36,36,51,52,52,52,53,53,53,59,53,58,56,56,54,56,56,55,55,50,50,50,52,48,52,48,47,0,4,4,55,55,55,60,60,60,60,60,60,60,60,60,60,48,55,52,52,52,41,41,36,46,42,42,37,31,63,63,63,63,63,48,48,47,47,47,55,55,51,55,54,54,51,51,49,49,49,49,59,59,59,59,53,56,53,42,53,53,53,50,53,53,53,44,37,37,47,47,44,45,45,45,44,45,44,46,46,49,51,50,50,51,51,51,51,51,51,49,58,58,58,58,54,54,54,51,51,51,51,51,51,43,61,61,61
TRBV19*02,53,37,36,45,45,34,34,34,34,55,56,56,56,55,55,55,59,54,57,55,55,55,54,54,55,55,48,48,48,56,52,56,52,51,4,0,0,53,53,53,59,59,59,59,59,59,59,59,59,59,52,59,56,56,56,41,41,34,46,42,42,37,29,62,62,62,62,62,47,47,47,47,47,55,55,51,55,54,54,50,50,49,49,49,49,59,59,59,59,51,54,51,40,51,51,51,48,51,53,53,44,37,37,46,46,44,45,45,45,44,45,44,46,46,53,55,54,54,55,55,55,55,55,55,53,57,57,57,57,58,58,58,55,55,55,55,55,55,47,59,59,59
TRBV19*03,53,37,36,45,45,34,34,34,34,55,56,56,56,55,55,55,59,54,57,55,55,55,54,54,55,55,48,48,48,56,52,56,52,51,4,0,0,53,53,53,59,59,59,59,59,59,59,59,59,59,52,59,56,56,56,41,41,34,46,42,42,37,29,62,62,62,62,62,47,47,47,47,47,55,55,51,55,54,54,50,50,49,49,49,49,59,59,59,59,51,54,51,40,51,51,51,48,51,53,53,44,37,37,46,46,44,45,45,45,44,45,44,46,46,53,55,54,54,55,55,55,55,55,55,53,57,57,57,57,58,58,58,55,55,55,55,55,55,47,59,59,59
TRBV2*01,40,48,50,45,45,46,46,46,46,43,36,36,36,40,40,40,37,28,35,31,31,43,51,51,47,47,37,37,34,41,41,41,32,50,55,53,53,0,0,0,61,61,62,61,61,61,61,50,50,50,37,32,39,39,38,54,54,55,53,53,53,35,52,49,49,49,49,49,37,36,39,40,40,56,56,56,56,45,45,43,43,43,43,43,43,45,45,49,49,44,41,44,36,44,44,44,44,44,48,48,54,48,48,58,58,47,47,47,47,47,47,48,50,46,40,40,44,44,40,38,38,38,38,38,43,37,37,37,36,33,33,33,36,36,36,36,36,36,32,40,40,40
TRBV2*02,40,48,50,45,45,46,46,46,46,43,36,36,36,40,40,40,37,28,35,31,31,43,51,51,47,47,37,37,34,41,41,41,32,50,55,53,53,0,0,0,61,61,62,61,61,61,61,50,50,50,37,32,39,39,38,54,54,55,53,53,53,35,52,49,49,49,49,49,37,36,39,40,40,56,56,56,56,45,45,43,43,43,43,43,43,45,45,49,49,44,41,44,36,44,44,44,44,44,48,48,54,48,48,58,58,47,47,47,47,47,47,48,50,46,40,40,44,44,40,38,38,38,38,38,43,37,37,37,36,33,33,33,36,36,36,36,36,36,32,40,40,40
TRBV2*03,40,48,50,45,45,46,46,46,46,43,36,36,36,40,40,40,37,28,35,31,31,43,51,51,47,47,37,37,34,41,41,41,32,50,55,53,53,0,0,0,61,61,62,61,61,61,61,50,50,50,37,32,39,39,38,54,54,55,53,53,53,35,52,49,49,49,49,49,37,36,39,40,40,56,56,56,56,45,45,43,43,43,43,43,43,45,45,49,49,44,41,44,36,44,44,44,44,44,48,48,54,48,48,58,58,47,47,47,47,47,47,48,50,46,40,40,44,44,40,38,38,38,38,38,43,37,37,37,36,33,33,33,36,36,36,36,36,36,32,40,40,40
TRBV20-1*01,53,57,58,57,57,53,53,53,53,58,59,59,59,55,55,55,62,59,56,57,57,52,52,52,59,59,60,60,62,62,58,62,59,62,60,59,59,61,61,61,0,0,4,0,0,0,0,18,18,18,60,61,59,58,58,53,53,59,51,55,55,59,54,35,35,35,35,35,55,55,62,62,62,60,60,60,60,53,53,57,57,60,60,60,60,58,58,62,62,59,59,59,43,58,58,58,55,54,53,53,58,60,60,50,50,57,57,57,57,57,57,57,58,57,56,53,53,53,53,53,53,53,53,53,54,56,56,53,53,61,61,61,63,63,63,63,59,59,55,62,62,62
TRBV20-1*02,53,57,58,57,57,53,53,53,53,58,59,59,59,55,55,55,62,59,56,57,57,52,52,52,59,59,60,60,62,62,58,62,59,62,60,59,59,61,61,61,0,0,4,0,0,0,0,18,18,18,60,61,59,58,58,53,53,59,51,55,55,59,54,35,35,35,35,35,55,55,62,62,62,60,60,60,60,53,53,57,57,60,60,60,60,58,58,62,62,59,59,59,43,58,58,58,55,54,53,53,58,60,60,50,50,57,57,57,57,57,57,57,58,57,56,53,53,53,53,53,53,53,53,53,54,56,56,53,53,61,61,61,63,63,63,63,59,59,55,62,62,62
TRBV20-1*03,53,57,58,58,58,53,53,53,53,58,60,60,60,55,55,55,62,59,57,58,58,52,52,52,59,59,60,60,62,62,58,62,59,62,60,59,59,62,62,62,4,4,0,4,4,4,4,22,22,22,60,61,59,58,58,53,53,59,52,56,56,59,54,39,39,39,39,39,55,55,62,62,62,60,60,60,60,53,53,57,57,60,60,60,60,58,58,62,62,59,59,59,43,58,58,58,55,54,53,53,58,60,60,51,51,58,58,58,58,58,58,58,59,58,56,54,54,54,54,54,54,54,54,54,54,56,56,53,53,61,61,61,63,63,63,63,59,59,55,62,62,62
TRBV20-1*04,53,57,58,57,57,53,53,53,53,58,59,59,59,55,55,55,62,59,56,57,57,52,52,52,59,59,60,60,62,62,58,62,59,62,60,59,59,61,61,61,0,0,4,0,0,0,0,18,18,18,60,61,59,58,58,53,53,59,51,55,55,59,54,35,35,35,35,35,55,55,62,62,62,60,60,60,60,53,53,57,57,60,60,60,60,58,58,62,62,59,59,59,43,58,58,58,55,54,53,53,58,60,60,50,50,57,57,57,57,57,57,57,58,57,56,53,53,53,53,53,53,53,53,53,54,56,56,53,53,61,61,61,63,63,63,63,59,59,55,62,62,62
TRBV20-1*05,53,57,58,57,57,53,53,53,53,58,59,59,59,55,55,55,62,59,56,57,57,52,52,52,59,59,60,60,62,62,58,62,59,62,60,59,59,61,61,61,0,0,4,0,0,0,0,18,18,18,60,61,59,58,58,53,53,59,51,55,55,59,54,35,35,35,35,35,55,55,62,62,62,60,60,60,60,53,53,57,57,60,60,60,60,58,58,62,62,59,59,59,43,58,58,58,55,54,53,53,58,60,60,50,50,57,57,57,57,57,57,57,58,57,56,53,53,53,53,53,53,53,53,53,54,56,56,53,53,61,61,61,63,63,63,63,59,59,55,62,62,62
TRBV20-1*06,53,57,58,57,57,53,53,53,53,58,59,59,59,55,55,55,62,59,56,57,57,52,52,52,59,59,60,60,62,62,58,62,59,62,60,59,59,61,61,61,0,0,4,0,0,0,0,18,18,18,60,61,59,58,58,53,53,59,51,55,55,59,54,35,35,35,35,35,55,55,62,62,62,60,60,60,60,53,53,57,57,60,60,60,60,58,58,62,62,59,59,59,43,58,58,58,55,54,53,53,58,60,60,50,50,57,57,57,57,57,57,57,58,57,56,53,53,53,53,53,53,53,53,53,54,56,56,53,53,61,61,61,63,63,63,63,59,59,55,62,62,62
TRBV20-1*07,53,57,58,57,57,53,53,53,53,58,59,59,59,55,55,55,62,59,56,57,57,52,52,52,59,59,60,60,62,62,58,62,59,62,60,59,59,61,61,61,0,0,4,0,0,0,0,18,18,18,60,61,59,58,58,53,53,59,51,55,55,59,54,35,35,35,35,35,55,55,62,62,62,60,60,60,60,53,53,57,57,60,60,60,60,58,58,62,62,59,59,59,43,58,58,58,55,54,53,53,58,60,60,50,50,57,57,57,57,57,57,57,58,57,56,53,53,53,53,53,53,53,53,53,54,56,56,53,53,61,61,61,63,63,63,63,59,59,55,62,62,62
TRBV20/OR9-2*01,45,54,56,53,53,57,57,57,57,54,55,55,55,56,56,56,52,47,45,46,46,51,55,55,56,56,47,47,49,58,54,58,49,55,60,59,59,50,50,50,18,18,22,18,18,18,18,0,0,0,57,51,50,49,49,57,57,60,53,57,57,52,56,25,25,25,25,25,46,44,54,54,54,56,56,56,56,52,52,47,47,50,50,50,50,61,61,61,61,56,56,56,40,55,55,55,52,51,50,50,55,60,60,51,51,56,56,56,56,56,56,54,55,52,61,58,58,58,58,54,54,54,54,54,51,54,54,51,51,58,58,58,55,55,55,55,59,59,47,59,59,59
TRBV20/OR9-2*02,45,54,56,53,53,57,57,57,57,54,55,55,55,56,56,56,52,47,45,46,46,51,55,55,56,56,47,47,49,58,54,58,49,55,60,59,59,50,50,50,18,18,22,18,18,18,18,0,0,0,57,51,50,49,49,57,57,60,53,57,57,52,56,25,25,25,25,25,46,44,54,54,54,56,56,56,56,52,52,47,47,50,50,50,50,61,61,61,61,56,56,56,40,55,55,55,52,51,50,50,55,60,60,51,51,56,56,56,56,56,56,54,55,52,61,58,58,58,58,54,54,54,54,54,51,54,54,51,51,58,58,58,55,55,55,55,59,59,47,59,59,59
TRBV20/OR9-2*03,45,54,56,53,53,57,57,57,57,54,55,55,55,56,56,56,52,47,45,46,46,51,55,55,56,56,47,47,49,58,54,58,49,55,60,59,59,50,50,50,18,18,22,18,18,18,18,0,0,0,57,51,50,49,49,57,57,60,53,57,57,52,56,25,25,25,25,25,46,44,54,54,54,56,56,56,56,52,52,47,47,50,50,50,50,61,61,61,61,56,56,56,40,55,55,55,52,51,50,50,55,60,60,51,51,56,56,56,56,56,56,54,55,52,61,58,58,58,58,54,54,54,54,54,51,54,54,51,51,58,58,58,55,55,55,55,59,59,47,59,59,59
TRBV21-1*01,47,53,55,38,38,46,46,46,46,41,42,42,42,38,38,38,46,40,47,44,44,49,54,54,50,50,48,48,45,23,23,23,40,36,48,52,52,37,37,37,60,60,60,60,60,60,60,57,57,57,0,17,24,29,28,53,53,58,54,54,54,45,52,58,58,58,58,58,43,45,46,47,47,58,58,58,58,43,43,46,46,43,43,43,43,44,44,44,44,40,43,40,29,44,44,44,41,43,44,44,54,47,47,58,58,50,49,49,49,50,49,48,56,50,39,46,46,46,46,46,46,46,46,46,48,47,47,45,46,39,39,39,35,35,35,35,35,35,27,52,52,52
TRBV21/OR9-2*01,43,57,59,45,45,53,53,53,53,42,43,43,43,41,41,41,44,34,43,40,40,45,50,50,51,51,44,44,41,17,17,17,38,29,55,59,59,32,32,32,61,61,61,61,61,61,61,51,51,51,17,0,17,22,21,53,53,59,59,59,59,43,56,53,53,53,53,53,41,39,42,43,43,51,51,51,51,41,41,42,42,39,39,39,39,44,44,44,44,44,44,44,33,48,48,48,45,47,48,48,54,51,51,55,55,52,51,51,51,52,51,54,56,52,42,47,47,47,47,41,41,41,41,41,43,42,42,41,42,34,34,34,34,34,34,34,34,34,26,52,52,52
TRBV23-1*01,48,56,60,49,49,51,51,51,51,35,36,36,36,37,37,37,45,34,43,40,40,43,54,54,48,48,50,50,47,19,18,19,35,28,52,56,56,39,39,39,59,59,59,59,59,59,59,50,50,50,24,17,0,8,4,46,46,54,56,56,56,46,53,54,54,54,54,54,37,35,38,42,42,54,54,54,54,41,41,44,44,41,41,41,41,43,43,43,43,43,43,43,35,46,46,50,43,42,43,43,55,49,49,60,60,54,54,54,54,54,54,56,57,54,45,43,43,43,43,38,38,38,38,38,43,42,42,46,46,34,34,34,35,35,35,35,35,35,27,50,50,50
TRBV23/OR9-2*01,49,56,60,49,49,52,52,52,52,34,35,35,35,36,36,36,45,35,43,40,40,43,54,54,47,47,51,51,48,24,23,24,34,32,52,56,56,39,39,39,58,58,58,58,58,58,58,49,49,49,29,22,8,0,4,54,54,54,60,60,60,46,53,53,53,53,53,53,41,39,42,42,42,54,54,54,54,42,42,45,45,42,42,42,42,43,43,42,42,42,42,42,35,45,45,49,42,41,42,42,55,49,49,60,60,54,54,54,54,54,54,56,57,54,45,43,43,43,43,38,38,38,38,38,43,42,42,46,46,34,34,34,35,35,35,35,35,35,28,49,49,49
TRBV23/OR9-2*02,48,56,60,49,49,52,52,52,52,34,35,35,35,36,36,36,44,34,42,39,39,43,54,54,47,47,50,50,47,23,22,23,34,32,52,56,56,38,38,38,58,58,58,58,58,58,58,49,49,49,28,21,4,4,0,50,50,54,56,56,56,46,53,53,53,53,53,53,37,35,38,42,42,54,54,54,54,41,41,44,44,41,41,41,41,42,42,42,42,42,42,42,35,45,45,49,42,41,42,42,55,49,49,60,60,54,54,54,54,54,54,56,57,54,44,42,42,42,42,37,37,37,37,37,42,41,41,45,45,33,33,33,34,34,34,34,34,34,27,49,49,49
TRBV24-1*01,52,43,44,56,56,40,40,40,40,52,55,55,55,53,53,53,54,50,53,50,50,54,50,50,52,52,51,51,54,50,46,50,56,50,41,41,41,54,54,54,53,53,53,53,53,53,53,57,57,57,53,53,46,54,50,0,0,39,52,52,52,46,34,62,62,62,62,62,45,41,48,52,52,55,55,51,55,51,51,53,53,53,53,53,53,48,48,55,55,49,49,49,42,48,48,52,44,48,51,51,53,53,53,55,55,54,55,55,55,54,55,54,56,56,54,55,53,53,55,55,55,55,55,55,50,55,55,59,59,54,54,54,53,53,53,53,53,53,45,53,53,53
TRBV24/OR9-2*01,52,43,44,56,56,40,40,40,40,52,55,55,55,53,53,53,54,50,53,50,50,54,50,50,52,52,51,51,54,50,46,50,56,50,41,41,41,54,54,54,53,53,53,53,53,53,53,57,57,57,53,53,46,54,50,0,0,39,52,52,52,46,34,62,62,62,62,62,45,41,48,52,52,55,55,51,55,51,51,53,53,53,53,53,53,48,48,55,55,49,49,49,42,48,48,52,44,48,51,51,53,53,53,55,55,54,55,55,55,54,55,54,56,56,54,55,53,53,55,55,55,55,55,55,50,55,55,59,59,54,54,54,53,53,53,53,53,53,45,53,53,53
TRBV25-1*01,55,35,34,44,44,34,34,34,34,51,52,52,52,50,50,50,55,50,55,52,52,53,48,48,49,49,48,48,48,50,46,50,52,50,36,34,34,55,55,55,59,59,59,59,59,59,59,60,60,60,58,59,54,54,54,39,39,0,44,44,44,45,36,62,62,62,62,62,46,50,49,49,49,51,51,51,51,51,51,48,48,48,48,48,48,53,53,56,56,51,50,51,44,52,52,56,48,52,56,56,48,38,38,44,44,38,39,39,39,38,39,42,41,44,49,50,50,50,50,51,51,51,51,51,52,56,56,60,60,56,56,56,55,55,55,55,55,55,47,52,52,52
TRBV26*01,57,47,47,53,53,47,47,47,47,56,52,52,52,55,55,55,56,55,58,59,59,54,55,55,60,60,53,53,53,59,55,59,55,60,46,46,46,53,53,53,51,51,52,51,51,51,51,53,53,53,54,59,56,60,56,52,52,44,0,4,4,47,51,59,59,59,59,59,50,50,54,58,58,52,52,52,52,55,55,57,57,57,57,57,57,57,57,59,59,52,55,52,40,55,55,55,52,55,55,55,42,38,38,47,47,35,35,35,35,35,35,47,43,43,53,54,54,54,54,46,46,46,46,46,47,54,54,54,50,54,54,54,59,59,59,59,59,59,51,62,62,62
TRBV26/OR9-2*01,57,47,47,53,53,47,47,47,47,60,56,56,56,59,59,59,56,55,58,59,59,58,59,59,60,60,53,53,53,59,55,59,55,60,42,42,42,53,53,53,55,55,56,55,55,55,55,57,57,57,54,59,56,60,56,52,52,44,4,0,0,47,51,59,59,59,59,59,54,54,50,54,54,52,52,52,52,51,51,53,53,53,53,53,53,57,57,59,59,56,59,56,44,55,55,55,56,55,55,55,42,38,38,43,43,35,35,35,35,35,35,47,43,43,49,50,50,50,50,42,42,42,42,42,51,54,54,58,54,54,54,54,59,59,59,59,59,59,51,62,62,62
TRBV26/OR9-2*02,57,47,47,53,53,47,47,47,47,60,56,56,56,59,59,59,56,55,58,59,59,58,59,59,60,60,53,53,53,59,55,59,55,60,42,42,42,53,53,53,55,55,56,55,55,55,55,57,57,57,54,59,56,60,56,52,52,44,4,0,0,47,51,59,59,59,59,59,54,54,50,54,54,52,52,52,52,51,51,53,53,53,53,53,53,57,57,59,59,56,59,56,44,55,55,55,56,55,55,55,42,38,38,43,43,35,35,35,35,35,35,47,43,43,49,50,50,50,50,42,42,42,42,42,51,54,54,58,54,54,54,54,59,59,59,59,59,59,51,62,62,62
TRBV27*01,51,45,47,41,41,41,41,41,41,53,50,50,50,50,50,50,56,47,56,50,50,52,57,57,57,57,51,51,48,48,48,48,53,53,37,37,37,35,35,35,59,59,59,59,59,59,59,52,52,52,45,43,46,46,46,46,46,45,47,47,47,0,34,59,59,59,59,59,40,39,43,43,43,49,49,49,49,54,54,53,53,53,53,53,53,59,59,56,56,55,52,55,43,54,54,54,53,55,55,55,39,29,29,51,51,35,39,39,39,35,39,37,43,39,54,60,59,59,60,56,56,56,56,56,49,56,56,55,55,52,52,52,55,55,55,55,55,55,47,55,55,55
TRBV28*01,52,38,39,47,47,35,35,35,35,51,54,54,54,54,54,54,57,55,58,57,57,57,52,52,54,54,49,49,52,58,54,58,59,53,31,29,29,52,52,52,54,54,54,54,54,54,54,56,56,56,52,56,53,53,53,34,34,36,51,51,51,34,0,62,62,62,62,62,48,47,52,52,52,50,50,50,50,50,50,57,57,57,57,57,57,52,52,58,58,55,55,55,43,51,51,49,51,52,56,56,46,37,37,50,50,42,46,46,46,42,46,41,47,46,59,60,59,59,60,59,59,59,59,59,53,58,58,59,59,57,57,57,53,53,53,53,53,53,47,57,57,57
TRBV29-1*01,46,57,59,59,59,62,62,62,62,60,59,59,59,52,52,52,49,50,42,42,42,55,60,60,52,52,48,48,48,62,58,62,48,58,63,62,62,49,49,49,35,35,39,35,35,35,35,25,25,25,58,53,54,53,53,62,62,62,59,59,59,59,62,0,0,0,0,0,51,51,54,54,54,55,55,55,55,53,53,47,47,50,50,50,50,58,58,58,58,55,55,55,43,54,54,52,54,50,49,49,59,63,63,53,53,62,62,62,62,62,62,58,58,58,53,50,50,50,50,46,46,46,46,46,54,51,51,51,51,55,55,55,49,49,49,49,53,53,47,56,56,56
TRBV29-1*02,46,57,59,59,59,62,62,62,62,60,59,59,59,52,52,52,49,50,42,42,42,55,60,60,52,52,48,48,48,62,58,62,48,58,63,62,62,49,49,49,35,35,39,35,35,35,35,25,25,25,58,53,54,53,53,62,62,62,59,59,59,59,62,0,0,0,0,0,51,51,54,54,54,55,55,55,55,53,53,47,47,50,50,50,50,58,58,58,58,55,55,55,43,54,54,52,54,50,49,49,59,63,63,53,53,62,62,62,62,62,62,58,58,58,53,50,50,50,50,46,46,46,46,46,54,51,51,51,51,55,55,55,49,49,49,49,53,53,47,56,56,56
TRBV29-1*03,46,57,59,59,59,62,62,62,62,60,59,59,59,52,52,52,49,50,42,42,42,55,60,60,52,52,48,48,48,62,58,62,48,58,63,62,62,49,49,49,35,35,39,35,35,35,35,25,25,25,58,53,54,53,53,62,62,62,59,59,59,59,62,0,0,0,0,0,51,51,54,54,54,55,55,55,55,53,53,47,47,50,50,50,50,58,58,58,58,55,55,55,43,54,54,52,54,50,49,49,59,63,63,53,53,62,62,62,62,62,62,58,58,58,53,50,50,50,50,46,46,46,46,46,54,51,51,51,51,55,55,55,49,49,49,49,53,53,47,56,56,56
TRBV29/OR9-2*01,46,57,59,59,59,62,62,62,62,60,59,59,59,52,52,52,49,50,42,42,42,55,60,60,52,52,48,48,48,62,58,62,48,58,63,62,62,49,49,49,35,35,39,35,35,35,35,25,25,25,58,53,54,53,53,62,62,62,59,59,59,59,62,0,0,0,0,0,51,51,54,54,54,55,55,55,55,53,53,47,47,50,50,50,50,58,58,58,58,55,55,55,43,54,54,52,54,50,49,49,59,63,63,53,53,62,62,62,62,62,62,58,58,58,53,50,50,50,50,46,46,46,46,46,54,51,51,51,51,55,55,55,49,49,49,49,53,53,47,56,56,56
TRBV29/OR9-2*02,46,57,59,59,59,62,62,62,62,60,59,59,59,52,52,52,49,50,42,42,42,55,60,60,52,52,48,48,48,62,58,62,48,58,63,62,62,49,49,49,35,35,39,35,35,35,35,25,25,25,58,53,54,53,53,62,62,62,59,59,59,59,62,0,0,0,0,0,51,51,54,54,54,55,55,55,55,53,53,47,47,50,50,50,50,58,58,58,58,55,55,55,43,54,54,52,54,50,49,49,59,63,63,53,53,62,62,62,62,62,62,58,58,58,53,50,50,50,50,46,46,46,46,46,54,51,51,51,51,55,55,55,49,49,49,49,53,53,47,56,56,56
TRBV3-1*01,30,56,58,55,55,59,59,59,59,46,44,44,44,38,38,38,38,36,37,35,35,30,41,41,46,46,38,38,35,46,42,46,45,48,48,47,47,37,37,37,55,55,55,55,55,55,55,46,46,46,43,41,37,41,37,45,45,46,50,54,54,40,48,51,51,51,51,51,0,6,14,18,18,56,56,56,56,37,37,25,25,31,31,31,31,48,48,46,46,42,41,42,35,43,43,47,39,43,46,46,49,50,50,52,52,54,55,55,55,54,55,51,57,55,43,52,51,51,52,46,46,46,46,46,42,40,40,41,41,40,40,40,46,46,46,46,46,46,38,43,43,43
TRBV3-1*02,28,56,58,54,54,59,59,59,59,44,42,42,42,38,38,38,40,34,37,35,35,30,45,45,48,48,38,38,35,44,40,44,43,46,48,47,47,36,36,36,55,55,55,55,55,55,55,44,44,44,45,39,35,39,35,41,41,50,50,54,54,39,47,51,51,51,51,51,6,0,18,22,22,55,55,55,55,39,39,29,29,35,35,35,35,46,46,46,46,42,42,42,35,43,43,47,39,43,46,46,48,51,51,52,52,52,53,53,53,52,53,53,57,53,43,52,51,51,52,46,46,46,46,46,42,40,40,41,41,40,40,40,46,46,46,46,46,46,38,47,47,47
TRBV3-2*01,36,53,55,55,55,59,59,59,59,51,49,49,49,39,39,39,39,35,33,37,37,27,48,48,49,49,35,35,32,46,42,46,47,49,47,47,47,39,39,39,62,62,62,62,62,62,62,54,54,54,46,42,38,42,38,48,48,49,54,50,50,43,52,54,54,54,54,54,14,18,0,4,4,56,56,56,56,34,34,21,21,21,21,21,21,48,48,44,44,43,42,43,39,43,43,47,46,43,47,47,45,52,52,48,48,58,54,54,54,58,54,57,56,57,36,48,47,47,48,42,42,42,42,42,46,43,43,48,48,40,40,40,43,43,43,43,43,43,35,43,43,43
TRBV3-2*02,37,53,55,55,55,59,59,59,59,47,45,45,45,35,35,35,40,36,34,38,38,27,48,48,49,49,36,36,33,47,43,47,47,49,47,47,47,40,40,40,62,62,62,62,62,62,62,54,54,54,47,43,42,42,42,52,52,49,58,54,54,43,52,54,54,54,54,54,18,22,4,0,0,56,56,56,56,35,35,22,22,22,22,22,22,49,49,44,44,43,42,43,39,43,43,47,46,43,47,47,45,52,52,48,48,58,54,54,54,58,54,57,56,57,37,49,48,48,49,43,43,43,43,43,47,44,44,49,49,41,41,41,44,44,44,44,44,44,36,42,42,42
TRBV3-2*03,37,53,55,55,55,59,59,59,59,47,45,45,45,35,35,35,40,36,34,38,38,27,48,48,49,49,36,36,33,47,43,47,47,49,47,47,47,40,40,40,62,62,62,62,62,62,62,54,54,54,47,43,42,42,42,52,52,49,58,54,54,43,52,54,54,54,54,54,18,22,4,0,0,56,56,56,56,35,35,22,22,22,22,22,22,49,49,44,44,43,42,43,39,43,43,47,46,43,47,47,45,52,52,48,48,58,54,54,54,58,54,57,56,57,37,49,48,48,49,43,43,43,43,43,47,44,44,49,49,41,41,41,44,44,44,44,44,44,36,42,42,42
TRBV30*01,46,48,48,54,54,51,51,51,51,59,59,59,59,59,59,59,55,56,52,53,53,56,55,55,52,52,56,56,56,59,55,59,56,52,55,55,55,56,56,56,60,60,60,60,60,60,60,56,56,56,58,51,54,54,54,55,55,51,52,52,52,49,50,55,55,55,55,55,56,55,56,56,56,0,0,5,0,56,56,56,56,56,56,56,56,57,57,53,53,59,59,59,43,58,58,58,59,58,58,58,49,46,46,56,56,48,48,48,48,48,48,52,56,52,54,56,54,54,56,50,50,50,50,50,50,53,53,53,53,53,53,53,55,55,55,55,55,55,47,55,55,55
TRBV30*02,46,48,48,54,54,51,51,51,51,59,59,59,59,59,59,59,55,56,52,53,53,56,55,55,52,52,56,56,56,59,55,59,56,52,55,55,55,56,56,56,60,60,60,60,60,60,60,56,56,56,58,51,54,54,54,55,55,51,52,52,52,49,50,55,55,55,55,55,56,55,56,56,56,0,0,5,0,56,56,56,56,56,56,56,56,57,57,53,53,59,59,59,43,58,58,58,59,58,58,58,49,46,46,56,56,48,48,48,48,48,48,52,56,52,54,56,54,54,56,50,50,50,50,50,50,53,53,53,53,53,53,53,55,55,55,55,55,55,47,55,55,55
TRBV30*04,46,44,44,54,54,47,47,47,47,59,59,59,59,59,59,59,55,56,52,53,53,56,55,55,53,53,56,56,56,59,55,59,56,52,51,51,51,56,56,56,60,60,60,60,60,60,60,56,56,56,58,51,54,54,54,51,51,51,52,52,52,49,50,55,55,55,55,55,56,55,56,56,56,5,5,0,5,56,56,56,56,56,56,56,56,57,57,53,53,57,57,57,41,56,56,56,57,56,56,56,49,47,47,56,56,49,49,49,49,49,49,53,56,53,54,56,54,54,56,50,50,50,50,50,50,53,53,53,53,53,53,53,55,55,55,55,55,55,47,53,53,53
TRBV30*05,46,48,48,54,54,51,51,51,51,59,59,59,59,59,59,59,55,56,52,53,53,56,55,55,52,52,56,56,56,59,55,59,56,52,55,55,55,56,56,56,60,60,60,60,60,60,60,56,56,56,58,51,54,54,54,55,55,51,52,52,52,49,50,55,55,55,55,55,56,55,56,56,56,0,0,5,0,56,56,56,56,56,56,56,56,57,57,53,53,59,59,59,43,58,58,58,59,58,58,58,49,46,46,56,56,48,48,48,48,48,48,52,56,52,54,56,54,54,56,50,50,50,50,50,50,53,53,53,53,53,53,53,55,55,55,55,55,55,47,55,55,55
TRBV4-1*01,39,54,55,56,56,51,51,51,51,48,52,52,52,47,47,47,40,38,38,39,39,40,55,55,48,48,40,40,40,43,39,43,36,46,54,54,54,45,45,45,53,53,53,53,53,53,53,52,52,52,43,41,41,42,41,51,51,51,55,51,51,54,50,53,53,53,53,53,37,39,34,35,35,56,56,56,56,0,0,24,24,21,21,21,21,37,37,45,45,46,46,46,38,46,46,50,46,48,49,49,46,52,52,46,46,53,53,53,53,53,53,47,50,49,42,44,44,44,44,40,40,40,40,40,45,33,33,38,38,39,39,39,45,45,45,45,41,41,37,54,54,54
TRBV4-1*02,39,54,55,56,56,51,51,51,51,48,52,52,52,47,47,47,40,38,38,39,39,40,55,55,48,48,40,40,40,43,39,43,36,46,54,54,54,45,45,45,53,53,53,53,53,53,53,52,52,52,43,41,41,42,41,51,51,51,55,51,51,54,50,53,53,53,53,53,37,39,34,35,35,56,56,56,56,0,0,24,24,21,21,21,21,37,37,45,45,46,46,46,38,46,46,50,46,48,49,49,46,52,52,46,46,53,53,53,53,53,53,47,50,49,42,44,44,44,44,40,40,40,40,40,45,33,33,38,38,39,39,39,45,45,45,45,41,41,37,54,54,54
TRBV4-2*01,29,49,51,55,55,58,58,58,58,52,53,53,53,43,43,43,40,36,31,35,35,36,43,43,47,47,29,29,29,46,42,46,40,50,51,50,50,43,43,43,57,57,57,57,57,57,57,47,47,47,46,42,44,45,44,53,53,48,57,53,53,53,57,47,47,47,47,47,25,29,21,22,22,56,56,56,56,24,24,0,0,13,13,13,13,40,40,47,47,40,39,40,36,40,40,44,43,40,43,43,48,56,56,41,41,57,53,53,53,57,53,53,53,53,35,45,45,45,45,41,41,41,41,41,44,32,32,37,37,39,39,39,40,40,40,40,40,40,32,45,45,45
TRBV4-2*02,29,49,51,55,55,58,58,58,58,52,53,53,53,43,43,43,40,36,31,35,35,36,43,43,47,47,29,29,29,46,42,46,40,50,51,50,50,43,43,43,57,57,57,57,57,57,57,47,47,47,46,42,44,45,44,53,53,48,57,53,53,53,57,47,47,47,47,47,25,29,21,22,22,56,56,56,56,24,24,0,0,13,13,13,13,40,40,47,47,40,39,40,36,40,40,44,43,40,43,43,48,56,56,41,41,57,53,53,53,57,53,53,53,53,35,45,45,45,45,41,41,41,41,41,44,32,32,37,37,39,39,39,40,40,40,40,40,40,32,45,45,45
TRBV4-3*01,35,49,51,54,54,58,58,58,58,49,53,53,53,40,40,40,40,36,34,38,38,38,49,49,43,43,32,32,32,43,39,43,42,47,49,49,49,43,43,43,60,60,60,60,60,60,60,50,50,50,43,39,41,42,41,53,53,48,57,53,53,53,57,50,50,50,50,50,31,35,21,22,22,56,56,56,56,21,21,13,13,0,0,0,0,40,40,40,40,39,38,39,35,45,45,49,42,45,46,46,44,53,53,44,44,57,53,53,53,57,53,53,52,53,38,45,45,45,45,41,41,41,41,41,45,38,38,43,43,39,39,39,40,40,40,40,40,40,32,47,47,47
TRBV4-3*02,35,49,51,54,54,58,58,58,58,49,53,53,53,40,40,40,40,36,34,38,38,38,49,49,43,43,32,32,32,43,39,43,42,47,49,49,49,43,43,43,60,60,60,60,60,60,60,50,50,50,43,39,41,42,41,53,53,48,57,53,53,53,57,50,50,50,50,50,31,35,21,22,22,56,56,56,56,21,21,13,13,0,0,0,0,40,40,40,40,39,38,39,35,45,45,49,42,45,46,46,44,53,53,44,44,57,53,53,53,57,53,53,52,53,38,45,45,45,45,41,41,41,41,41,45,38,38,43,43,39,39,39,40,40,40,40,40,40,32,47,47,47
TRBV4-3*03,35,49,51,54,54,58,58,58,58,49,53,53,53,40,40,40,40,36,34,38,38,38,49,49,43,43,32,32,32,43,39,43,42,47,49,49,49,43,43,43,60,60,60,60,60,60,60,50,50,50,43,39,41,42,41,53,53,48,57,53,53,53,57,50,50,50,50,50,31,35,21,22,22,56,56,56,56,21,21,13,13,0,0,0,0,40,40,40,40,39,38,39,35,45,45,49,42,45,46,46,44,53,53,44,44,57,53,53,53,57,53,53,52,53,38,45,45,45,45,41,41,41,41,41,45,38,38,43,43,39,39,39,40,40,40,40,40,40,32,47,47,47
TRBV4-3*04,35,49,51,54,54,58,58,58,58,49,53,53,53,40,40,40,40,36,34,38,38,38,49,49,43,43,32,32,32,43,39,43,42,47,49,49,49,43,43,43,60,60,60,60,60,60,60,50,50,50,43,39,41,42,41,53,53,48,57,53,53,53,57,50,50,50,50,50,31,35,21,22,22,56,56,56,56,21,21,13,13,0,0,0,0,40,40,40,40,39,38,39,35,45,45,49,42,45,46,46,44,53,53,44,44,57,53,53,53,57,53,53,52,53,38,45,45,45,45,41,41,41,41,41,45,38,38,43,43,39,39,39,40,40,40,40,40,40,32,47,47,47
TRBV5-1*01,42,55,55,59,59,53,53,53,53,43,47,47,47,42,42,42,37,40,39,43,43,50,39,39,41,41,47,47,46,40,36,40,45,52,59,59,59,45,45,45,58,58,58,58,58,58,58,61,61,61,44,44,43,43,42,48,48,53,57,57,57,59,52,58,58,58,58,58,48,46,48,49,49,57,57,57,57,37,37,40,40,40,40,40,40,0,0,33,33,30,30,30,26,28,28,32,30,30,34,34,47,56,56,57,57,59,59,59,59,59,59,58,58,58,43,43,43,43,43,44,44,44,44,44,37,33,33,40,40,32,32,32,40,40,40,40,40,40,36,37,37,37
TRBV5-1*02,42,55,55,59,59,53,53,53,53,43,47,47,47,42,42,42,37,40,39,43,43,50,39,39,41,41,47,47,46,40,36,40,45,52,59,59,59,45,45,45,58,58,58,58,58,58,58,61,61,61,44,44,43,43,42,48,48,53,57,57,57,59,52,58,58,58,58,58,48,46,48,49,49,57,57,57,57,37,37,40,40,40,40,40,40,0,0,33,33,30,30,30,26,28,28,32,30,30,34,34,47,56,56,57,57,59,59,59,59,59,59,58,58,58,43,43,43,43,43,44,44,44,44,44,37,33,33,40,40,32,32,32,40,40,40,40,40,40,36,37,37,37
TRBV5-3*01,51,57,57,52,52,60,60,60,60,42,43,43,43,38,38,38,47,47,38,43,43,47,44,44,42,42,52,52,49,40,36,40,46,46,59,59,59,49,49,49,62,62,62,62,62,62,62,61,61,61,44,44,43,42,42,55,55,56,59,59,59,56,58,58,58,58,58,58,46,46,44,44,44,53,53,53,53,45,45,47,47,40,40,40,40,33,33,0,4,37,37,37,34,38,38,42,38,37,38,38,45,56,56,57,57,60,59,59,59,60,59,59,55,59,46,47,45,45,47,47,47,47,47,47,47,40,40,46,47,36,36,36,43,43,43,43,43,43,39,36,36,36
TRBV5-3*02,51,57,57,52,52,60,60,60,60,42,43,43,43,38,38,38,47,47,38,43,43,47,40,40,42,42,52,52,49,40,36,40,46,46,59,59,59,49,49,49,62,62,62,62,62,62,62,61,61,61,44,44,43,42,42,55,55,56,59,59,59,56,58,58,58,58,58,58,46,46,44,44,44,53,53,53,53,45,45,47,47,40,40,40,40,33,33,4,0,33,33,33,30,34,34,38,34,33,34,34,45,56,56,57,57,60,59,59,59,60,59,59,55,59,46,47,45,45,47,47,47,47,47,47,47,40,40,46,47,36,36,36,43,43,43,43,43,43,39,36,36,36
TRBV5-4*01,48,48,50,56,56,53,53,53,53,41,45,45,45,32,32,32,45,45,44,48,48,45,36,36,41,41,45,45,45,40,36,40,43,49,53,51,51,44,44,44,59,59,59,59,59,59,59,56,56,56,40,44,43,42,42,49,49,51,52,56,56,55,55,55,55,55,55,55,42,42,43,43,43,59,59,57,59,46,46,40,40,39,39,39,39,30,30,37,33,0,3,0,0,14,14,18,7,14,19,19,51,55,55,56,56,60,56,56,56,60,56,60,60,60,42,49,49,49,49,49,49,49,49,49,44,42,42,43,43,42,42,42,43,43,43,43,43,43,39,30,30,30
TRBV5-4*02,48,47,49,53,53,52,52,52,52,40,44,44,44,31,31,31,45,45,44,48,48,45,35,35,41,41,45,45,45,40,36,40,46,49,56,54,54,41,41,41,59,59,59,59,59,59,59,56,56,56,43,44,43,42,42,49,49,50,55,59,59,52,55,55,55,55,55,55,41,42,42,42,42,59,59,57,59,46,46,39,39,38,38,38,38,30,30,37,33,3,0,3,3,17,17,21,10,17,22,22,51,52,52,55,55,59,55,55,55,59,55,59,59,59,42,49,49,49,49,49,49,49,49,49,44,42,42,43,43,42,42,42,43,43,43,43,43,43,39,29,29,29
TRBV5-4*03,48,48,50,56,56,53,53,53,53,41,45,45,45,32,32,32,45,45,44,48,48,45,36,36,41,41,45,45,45,40,36,40,43,49,53,51,51,44,44,44,59,59,59,59,59,59,59,56,56,56,40,44,43,42,42,49,49,51,52,56,56,55,55,55,55,55,55,55,42,42,43,43,43,59,59,57,59,46,46,40,40,39,39,39,39,30,30,37,33,0,3,0,0,14,14,18,7,14,19,19,51,55,55,56,56,60,56,56,56,60,56,60,60,60,42,49,49,49,49,49,49,49,49,49,44,42,42,43,43,42,42,42,43,43,43,43,43,43,39,30,30,30
TRBV5-4*04,37,40,42,45,45,41,41,41,41,37,41,41,41,32,32,32,45,41,44,45,45,41,25,25,38,38,37,37,37,33,29,33,39,42,42,40,40,36,36,36,43,43,43,43,43,43,43,40,40,40,29,33,35,35,35,42,42,44,40,44,44,43,43,43,43,43,43,43,35,35,39,39,39,43,43,41,43,38,38,36,36,35,35,35,35,26,26,34,30,0,3,0,0,10,10,10,4,10,15,15,43,43,43,48,48,48,48,48,48,48,48,48,48,48,42,45,45,45,45,45,45,45,45,45,40,38,38,35,35,38,38,38,39,39,39,39,39,39,39,22,22,22
TRBV5-5*01,43,51,53,57,57,51,51,51,51,45,48,48,48,42,42,42,49,49,45,49,49,50,33,33,45,45,44,44,46,44,40,44,44,54,53,51,51,44,44,44,58,58,58,58,58,58,58,55,55,55,44,48,46,45,45,48,48,52,55,55,55,54,51,54,54,54,54,54,43,43,43,43,43,58,58,56,58,46,46,40,40,45,45,45,45,28,28,38,34,14,17,14,10,0,0,4,10,4,12,12,55,57,57,59,59,59,60,60,60,59,60,59,60,60,42,48,48,48,48,48,48,48,48,48,49,42,42,49,49,42,42,42,50,50,50,50,50,50,46,27,27,27
TRBV5-5*02,43,51,53,57,57,51,51,51,51,45,48,48,48,42,42,42,49,49,45,49,49,50,33,33,45,45,44,44,46,44,40,44,44,54,53,51,51,44,44,44,58,58,58,58,58,58,58,55,55,55,44,48,46,45,45,48,48,52,55,55,55,54,51,54,54,54,54,54,43,43,43,43,43,58,58,56,58,46,46,40,40,45,45,45,45,28,28,38,34,14,17,14,10,0,0,4,10,4,12,12,55,57,57,59,59,59,60,60,60,59,60,59,60,60,42,48,48,48,48,48,48,48,48,48,49,42,42,49,49,42,42,42,50,50,50,50,50,50,46,27,27,27
TRBV5-5*03,43,51,53,57,57,51,51,51,51,49,52,52,52,46,46,46,53,53,49,53,53,54,33,33,49,49,44,44,46,48,44,48,48,58,53,51,51,44,44,44,58,58,58,58,58,58,58,55,55,55,44,48,50,49,49,52,52,56,55,55,55,54,49,52,52,52,52,52,47,47,47,47,47,58,58,56,58,50,50,44,44,49,49,49,49,32,32,42,38,18,21,18,10,4,4,0,14,8,16,16,55,57,57,59,59,59,60,60,60,59,60,59,60,60,46,52,52,52,52,52,52,52,52,52,53,46,46,49,49,46,46,46,46,46,46,46,46,46,46,31,31,31
TRBV5-6*01,45,51,53,57,57,53,53,53,53,39,45,45,45,35,35,35,48,48,47,45,45,48,29,29,39,39,46,46,48,41,37,41,43,51,50,48,48,44,44,44,55,55,55,55,55,55,55,52,52,52,41,45,43,42,42,44,44,48,52,56,56,53,51,54,54,54,54,54,39,39,46,46,46,59,59,57,59,46,46,43,43,42,42,42,42,30,30,38,34,7,10,7,4,10,10,14,0,10,15,15,54,53,53,59,59,58,59,59,59,58,59,58,60,60,45,49,49,49,49,49,49,49,49,49,44,42,42,43,43,42,42,42,46,46,46,46,46,46,42,30,30,30
TRBV5-7*01,43,51,53,56,56,53,53,53,53,45,48,48,48,42,42,42,49,49,45,49,49,50,33,33,45,45,44,44,46,43,39,43,44,53,53,51,51,44,44,44,54,54,54,54,54,54,54,51,51,51,43,47,42,41,41,48,48,52,55,55,55,55,52,50,50,50,50,50,43,43,43,43,43,58,58,56,58,48,48,40,40,45,45,45,45,30,30,37,33,14,17,14,10,4,4,8,10,0,8,8,55,58,58,59,59,60,60,60,60,60,60,60,60,60,42,44,44,44,44,44,44,44,44,44,49,42,42,49,49,42,42,42,50,50,50,50,50,50,46,27,27,27
TRBV5-8*01,46,55,57,56,56,57,57,57,57,46,48,48,48,41,41,41,49,49,44,48,48,52,41,41,46,46,52,52,54,44,40,44,45,54,53,53,53,48,48,48,53,53,53,53,53,53,53,50,50,50,44,48,43,42,42,51,51,56,55,55,55,55,56,49,49,49,49,49,46,46,47,47,47,58,58,56,58,49,49,43,43,46,46,46,46,34,34,38,34,19,22,19,15,12,12,16,15,8,0,0,56,59,59,58,58,60,60,60,60,60,60,60,60,60,46,44,44,44,44,44,44,44,44,44,49,42,42,49,49,43,43,43,51,51,51,51,51,51,47,27,27,27
TRBV5-8*02,46,55,57,56,56,57,57,57,57,46,48,48,48,41,41,41,49,49,44,48,48,52,41,41,46,46,52,52,54,44,40,44,45,54,53,53,53,48,48,48,53,53,53,53,53,53,53,50,50,50,44,48,43,42,42,51,51,56,55,55,55,55,56,49,49,49,49,49,46,46,47,47,47,58,58,56,58,49,49,43,43,46,46,46,46,34,34,38,34,19,22,19,15,12,12,16,15,8,0,0,56,59,59,58,58,60,60,60,60,60,60,60,60,60,46,44,44,44,44,44,44,44,44,44,49,42,42,49,49,43,43,43,51,51,51,51,51,51,47,27,27,27
TRBV6-1*01,52,41,41,49,49,50,50,50,50,49,48,48,48,44,44,44,51,47,47,54,54,51,56,56,54,54,45,45,44,50,46,50,54,54,44,44,44,54,54,54,58,58,58,58,58,58,58,55,55,55,54,54,55,55,55,53,53,48,42,42,42,39,46,59,59,59,59,59,49,48,45,45,45,49,49,49,49,46,46,48,48,44,44,44,44,47,47,45,45,51,51,51,43,55,55,55,54,55,56,56,0,27,27,32,32,42,38,38,38,42,38,41,25,37,54,59,58,58,59,55,55,55,55,55,47,52,52,54,54,51,51,51,51,51,51,51,51,51,43,59,59,59
TRBV6-2*01,56,45,45,41,41,37,37,37,37,47,47,47,47,47,47,47,60,53,60,54,54,58,56,56,50,50,53,53,53,48,48,48,54,49,37,37,37,48,48,48,60,60,60,60,60,60,60,60,60,60,47,51,49,49,49,53,53,38,38,38,38,29,37,63,63,63,63,63,50,51,52,52,52,46,46,47,46,52,52,56,56,53,53,53,53,56,56,56,56,55,52,55,43,57,57,57,53,58,59,59,27,0,0,43,43,25,29,29,29,25,29,33,29,33,54,56,55,55,56,51,51,51,51,51,51,55,55,54,54,55,55,55,52,52,52,52,52,52,44,63,63,63
TRBV6-3*01,56,45,45,41,41,37,37,37,37,47,47,47,47,47,47,47,60,53,60,54,54,58,56,56,50,50,53,53,53,48,48,48,54,49,37,37,37,48,48,48,60,60,60,60,60,60,60,60,60,60,47,51,49,49,49,53,53,38,38,38,38,29,37,63,63,63,63,63,50,51,52,52,52,46,46,47,46,52,52,56,56,53,53,53,53,56,56,56,56,55,52,55,43,57,57,57,53,58,59,59,27,0,0,43,43,25,29,29,29,25,29,33,29,33,54,56,55,55,56,51,51,51,51,51,51,55,55,54,54,55,55,55,52,52,52,52,52,52,44,63,63,63
TRBV6-4*01,52,37,37,43,43,45,45,45,45,56,52,52,52,52,52,52,54,50,47,51,51,53,54,54,59,59,46,46,46,59,55,59,56,59,47,46,46,58,58,58,50,50,51,50,50,50,50,51,51,51,58,55,60,60,60,55,55,44,47,43,43,51,50,53,53,53,53,53,52,52,48,48,48,56,56,56,56,46,46,41,41,44,44,44,44,57,57,57,57,56,55,56,48,59,59,59,59,59,58,58,32,43,43,0,0,33,29,29,29,33,29,33,26,29,51,56,56,56,56,52,52,52,52,52,55,55,55,56,56,59,59,59,56,56,56,56,56,56,48,63,63,63
TRBV6-4*02,52,37,37,43,43,45,45,45,45,56,52,52,52,52,52,52,54,50,47,51,51,53,54,54,59,59,46,46,46,59,55,59,56,59,47,46,46,58,58,58,50,50,51,50,50,50,50,51,51,51,58,55,60,60,60,55,55,44,47,43,43,51,50,53,53,53,53,53,52,52,48,48,48,56,56,56,56,46,46,41,41,44,44,44,44,57,57,57,57,56,55,56,48,59,59,59,59,59,58,58,32,43,43,0,0,33,29,29,29,33,29,33,26,29,51,56,56,56,56,52,52,52,52,52,55,55,55,56,56,59,59,59,56,56,56,56,56,56,48,63,63,63
TRBV6-5*01,56,32,32,30,30,28,28,28,28,53,49,49,49,56,56,56,58,49,60,54,54,58,57,57,53,53,50,50,50,53,53,53,53,54,44,44,44,47,47,47,57,57,58,57,57,57,57,56,56,56,50,52,54,54,54,54,54,38,35,35,35,35,42,62,62,62,62,62,54,52,58,58,58,48,48,49,48,53,53,57,57,57,57,57,57,59,59,60,60,60,59,60,48,59,59,59,58,60,60,60,42,25,25,33,33,0,4,4,4,0,4,14,24,12,52,55,55,55,55,52,52,52,52,52,56,60,60,59,59,60,60,60,60,60,60,60,60,60,52,64,64,64
TRBV6-6*01,57,28,28,29,29,28,28,28,28,53,49,49,49,52,52,52,54,45,56,55,55,54,58,58,54,54,46,46,46,52,52,52,53,53,45,45,45,47,47,47,57,57,58,57,57,57,57,56,56,56,49,51,54,54,54,55,55,39,35,35,35,39,46,62,62,62,62,62,55,53,54,54,54,48,48,49,48,53,53,53,53,53,53,53,53,59,59,59,59,56,55,56,48,60,60,60,59,60,60,60,38,29,29,29,29,4,0,0,0,4,0,18,24,12,48,55,55,55,55,52,52,52,52,52,56,60,60,59,59,60,60,60,56,56,56,56,56,56,48,64,64,64
TRBV6-6*02,57,28,28,29,29,28,28,28,28,53,49,49,49,52,52,52,54,45,56,55,55,54,58,58,54,54,46,46,46,52,52,52,53,53,45,45,45,47,47,47,57,57,58,57,57,57,57,56,56,56,49,51,54,54,54,55,55,39,35,35,35,39,46,62,62,62,62,62,55,53,54,54,54,48,48,49,48,53,53,53,53,53,53,53,53,59,59,59,59,56,55,56,48,60,60,60,59,60,60,60,38,29,29,29,29,4,0,0,0,4,0,18,24,12,48,55,55,55,55,52,52,52,52,52,56,60,60,59,59,60,60,60,56,56,56,56,56,56,48,64,64,64
TRBV6-6*03,57,28,28,29,29,28,28,28,28,53,49,49,49,52,52,52,54,45,56,55,55,54,58,58,54,54,46,46,46,52,52,52,53,53,45,45,45,47,47,47,57,57,58,57,57,57,57,56,56,56,49,51,54,54,54,55,55,39,35,35,35,39,46,62,62,62,62,62,55,53,54,54,54,48,48,49,48,53,53,53,53,53,53,53,53,59,59,59,59,56,55,56,48,60,60,60,59,60,60,60,38,29,29,29,29,4,0,0,0,4,0,18,24,12,48,55,55,55,55,52,52,52,52,52,56,60,60,59,59,60,60,60,56,56,56,56,56,56,48,64,64,64
TRBV6-6*04,56,32,32,30,30,28,28,28,28,53,49,49,49,56,56,56,58,49,60,54,54,58,57,57,53,53,50,50,50,53,53,53,53,54,44,44,44,47,47,47,57,57,58,57,57,57,57,56,56,56,50,52,54,54,54,54,54,38,35,35,35,35,42,62,62,62,62,62,54,52,58,58,58,48,48,49,48,53,53,57,57,57,57,57,57,59,59,60,60,60,59,60,48,59,59,59,58,60,60,60,42,25,25,33,33,0,4,4,4,0,4,14,24,12,52,55,55,55,55,52,52,52,52,52,56,60,60,59,59,60,60,60,60,60,60,60,60,60,52,64,64,64
TRBV6-6*05,57,28,28,29,29,28,28,28,28,53,49,49,49,52,52,52,54,45,56,55,55,54,58,58,54,54,46,46,46,52,52,52,53,53,45,45,45,47,47,47,57,57,58,57,57,57,57,56,56,56,49,51,54,54,54,55,55,39,35,35,35,39,46,62,62,62,62,62,55,53,54,54,54,48,48,49,48,53,53,53,53,53,53,53,53,59,59,59,59,56,55,56,48,60,60,60,59,60,60,60,38,29,29,29,29,4,0,0,0,4,0,18,24,12,48,55,55,55,55,52,52,52,52,52,56,60,60,59,59,60,60,60,56,56,56,56,56,56,48,64,64,64
TRBV6-7*01,55,32,32,28,28,32,32,32,32,54,55,55,55,56,56,56,54,48,56,50,50,53,57,57,52,52,46,46,46,55,55,55,51,56,44,44,44,48,48,48,57,57,58,57,57,57,57,54,54,54,48,54,56,56,56,54,54,42,47,47,47,37,41,58,58,58,58,58,51,53,57,57,57,52,52,53,52,47,47,53,53,53,53,53,53,58,58,59,59,60,59,60,48,59,59,59,58,60,60,60,41,33,33,33,33,14,18,18,18,14,18,0,20,10,56,58,58,58,58,60,60,60,60,60,51,56,56,55,55,56,56,56,56,56,56,56,56,56,48,64,64,64
TRBV6-8*01,57,36,36,30,30,36,36,36,36,52,48,48,48,52,52,52,58,51,56,52,52,57,59,59,60,60,46,46,46,52,52,52,53,58,46,46,46,50,50,50,58,58,59,58,58,58,58,55,55,55,56,56,57,57,57,56,56,41,43,43,43,43,47,58,58,58,58,58,57,57,56,56,56,56,56,56,56,50,50,53,53,52,52,52,52,58,58,55,55,60,59,60,48,60,60,60,60,60,60,60,25,29,29,26,26,24,24,24,24,24,24,20,0,12,60,60,60,60,60,56,56,56,56,56,55,60,60,59,59,60,60,60,60,60,60,60,60,60,52,64,64,64
TRBV6-9*01,57,32,32,26,26,32,32,32,32,53,49,49,49,56,56,56,56,47,56,52,52,57,59,59,55,55,46,46,46,53,53,53,49,54,46,46,46,46,46,46,57,57,58,57,57,57,57,52,52,52,50,52,54,54,54,56,56,44,43,43,43,39,46,58,58,58,58,58,55,53,57,57,57,52,52,53,52,49,49,53,53,53,53,53,53,58,58,59,59,60,59,60,48,60,60,60,60,60,60,60,37,33,33,29,29,12,12,12,12,12,12,10,12,0,56,59,59,59,59,56,56,56,56,56,55,60,60,59,59,60,60,60,60,60,60,60,60,60,52,64,64,64
TRBV7-1*01,43,48,48,50,50,51,51,51,51,38,39,39,39,31,31,31,38,33,39,43,43,40,51,51,40,40,41,41,41,41,37,41,37,48,49,53,53,40,40,40,56,56,56,56,56,56,56,61,61,61,39,42,45,45,44,54,54,49,53,49,49,54,59,53,53,53,53,53,43,43,36,37,37,54,54,54,54,42,42,35,35,38,38,38,38,43,43,46,46,42,42,42,42,42,42,46,45,42,46,46,54,54,54,51,51,52,48,48,48,52,48,56,60,56,0,20,24,24,20,17,17,17,17,17,37,30,30,35,35,27,27,27,34,34,34,34,32,32,30,50,50,50
TRBV7-2*01,52,55,55,58,58,55,55,55,55,36,36,36,36,39,39,39,43,35,39,40,40,48,56,56,31,31,53,53,53,42,38,42,38,50,51,55,55,40,40,40,53,53,54,53,53,53,53,58,58,58,46,47,43,43,42,55,55,50,54,50,50,60,60,50,50,50,50,50,52,52,48,49,49,56,56,56,56,44,44,45,45,45,45,45,45,43,43,47,47,49,49,49,45,48,48,52,49,44,44,44,59,56,56,56,56,55,55,55,55,55,55,58,60,59,20,0,4,4,0,16,16,16,16,16,38,35,35,40,40,30,30,30,39,39,39,39,38,38,35,52,52,52
TRBV7-2*02,52,55,55,58,58,55,55,55,55,40,40,40,40,43,43,43,43,39,39,40,40,48,54,54,35,35,53,53,53,42,38,42,42,46,50,54,54,44,44,44,53,53,54,53,53,53,53,58,58,58,46,47,43,43,42,53,53,50,54,50,50,59,59,50,50,50,50,50,51,51,47,48,48,54,54,54,54,44,44,45,45,45,45,45,45,43,43,45,45,49,49,49,45,48,48,52,49,44,44,44,58,55,55,56,56,55,55,55,55,55,55,58,60,59,24,4,0,0,4,20,20,20,20,20,38,39,39,44,44,34,34,34,43,43,43,43,42,42,39,50,50,50
TRBV7-2*03,52,55,55,58,58,55,55,55,55,40,40,40,40,43,43,43,43,39,39,40,40,48,54,54,35,35,53,53,53,42,38,42,42,46,50,54,54,44,44,44,53,53,54,53,53,53,53,58,58,58,46,47,43,43,42,53,53,50,54,50,50,59,59,50,50,50,50,50,51,51,47,48,48,54,54,54,54,44,44,45,45,45,45,45,45,43,43,45,45,49,49,49,45,48,48,52,49,44,44,44,58,55,55,56,56,55,55,55,55,55,55,58,60,59,24,4,0,0,4,20,20,20,20,20,38,39,39,44,44,34,34,34,43,43,43,43,42,42,39,50,50,50
TRBV7-2*04,52,55,55,58,58,55,55,55,55,36,36,36,36,39,39,39,43,35,39,40,40,48,56,56,31,31,53,53,53,42,38,42,38,50,51,55,55,40,40,40,53,53,54,53,53,53,53,58,58,58,46,47,43,43,42,55,55,50,54,50,50,60,60,50,50,50,50,50,52,52,48,49,49,56,56,56,56,44,44,45,45,45,45,45,45,43,43,47,47,49,49,49,45,48,48,52,49,44,44,44,59,56,56,56,56,55,55,55,55,55,55,58,60,59,20,0,4,4,0,16,16,16,16,16,38,35,35,40,40,30,30,30,39,39,39,39,38,38,35,52,52,52
TRBV7-3*01,46,56,56,58,58,55,55,55,55,39,35,35,35,38,38,38,38,33,39,40,40,43,56,56,43,43,49,49,49,43,39,43,35,46,51,55,55,38,38,38,53,53,54,53,53,53,53,54,54,54,46,41,38,38,37,55,55,51,46,42,42,56,59,46,46,46,46,46,46,46,42,43,43,50,50,50,50,40,40,41,41,41,41,41,41,44,44,47,47,49,49,49,45,48,48,52,49,44,44,44,55,51,51,52,52,52,52,52,52,52,52,60,56,56,17,16,20,20,16,0,0,0,0,0,32,28,28,33,33,23,23,23,35,35,35,35,34,34,31,52,52,52
TRBV7-3*02,46,56,56,58,58,55,55,55,55,39,35,35,35,38,38,38,38,33,39,40,40,43,56,56,43,43,49,49,49,43,39,43,35,46,51,55,55,38,38,38,53,53,54,53,53,53,53,54,54,54,46,41,38,38,37,55,55,51,46,42,42,56,59,46,46,46,46,46,46,46,42,43,43,50,50,50,50,40,40,41,41,41,41,41,41,44,44,47,47,49,49,49,45,48,48,52,49,44,44,44,55,51,51,52,52,52,52,52,52,52,52,60,56,56,17,16,20,20,16,0,0,0,0,0,32,28,28,33,33,23,23,23,35,35,35,35,34,34,31,52,52,52
TRBV7-3*03,46,56,56,58,58,55,55,55,55,39,35,35,35,38,38,38,38,33,39,40,40,43,56,56,43,43,49,49,49,43,39,43,35,46,51,55,55,38,38,38,53,53,54,53,53,53,53,54,54,54,46,41,38,38,37,55,55,51,46,42,42,56,59,46,46,46,46,46,46,46,42,43,43,50,50,50,50,40,40,41,41,41,41,41,41,44,44,47,47,49,49,49,45,48,48,52,49,44,44,44,55,51,51,52,52,52,52,52,52,52,52,60,56,56,17,16,20,20,16,0,0,0,0,0,32,28,28,33,33,23,23,23,35,35,35,35,34,34,31,52,52,52
TRBV7-3*04,46,56,56,58,58,55,55,55,55,39,35,35,35,38,38,38,38,33,39,40,40,43,56,56,43,43,49,49,49,43,39,43,35,46,51,55,55,38,38,38,53,53,54,53,53,53,53,54,54,54,46,41,38,38,37,55,55,51,46,42,42,56,59,46,46,46,46,46,46,46,42,43,43,50,50,50,50,40,40,41,41,41,41,41,41,44,44,47,47,49,49,49,45,48,48,52,49,44,44,44,55,51,51,52,52,52,52,52,52,52,52,60,56,56,17,16,20,20,16,0,0,0,0,0,32,28,28,33,33,23,23,23,35,35,35,35,34,34,31,52,52,52
TRBV7-3*05,46,56,56,58,58,55,55,55,55,39,35,35,35,38,38,38,38,33,39,40,40,43,56,56,43,43,49,49,49,43,39,43,35,46,51,55,55,38,38,38,53,53,54,53,53,53,53,54,54,54,46,41,38,38,37,55,55,51,46,42,42,56,59,46,46,46,46,46,46,46,42,43,43,50,50,50,50,40,40,41,41,41,41,41,41,44,44,47,47,49,49,49,45,48,48,52,49,44,44,44,55,51,51,52,52,52,52,52,52,52,52,60,56,56,17,16,20,20,16,0,0,0,0,0,32,28,28,33,33,23,23,23,35,35,35,35,34,34,31,52,52,52
TRBV7-4*01,49,56,56,54,54,55,55,55,55,40,41,41,41,42,42,42,38,36,41,42,42,38,52,52,47,47,52,52,51,45,41,45,42,45,49,53,53,43,43,43,54,54,54,54,54,54,54,51,51,51,48,43,43,43,42,50,50,52,47,51,51,49,53,54,54,54,54,54,42,42,46,47,47,50,50,50,50,45,45,44,44,45,45,45,45,37,37,47,47,44,44,44,40,49,49,53,44,49,49,49,47,51,51,55,55,56,56,56,56,56,56,51,55,55,37,38,38,38,38,32,32,32,32,32,0,22,22,27,23,16,16,16,32,32,32,32,31,31,28,51,51,51
TRBV7-6*01,38,59,59,59,59,59,59,59,59,37,42,42,42,39,39,39,38,33,32,36,36,38,50,50,36,36,48,48,48,44,40,44,32,47,58,57,57,37,37,37,56,56,56,56,56,56,56,54,54,54,47,42,42,42,41,55,55,56,54,54,54,56,58,51,51,51,51,51,40,40,43,44,44,53,53,53,53,33,33,32,32,38,38,38,38,33,33,40,40,42,42,42,38,42,42,46,42,42,42,42,52,55,55,55,55,60,60,60,60,60,60,56,60,60,30,35,39,39,35,28,28,28,28,28,22,0,0,11,7,9,9,9,27,27,27,27,25,25,23,46,46,46
TRBV7-6*02,38,59,59,59,59,59,59,59,59,37,42,42,42,39,39,39,38,33,32,36,36,38,50,50,36,36,48,48,48,44,40,44,32,47,58,57,57,37,37,37,56,56,56,56,56,56,56,54,54,54,47,42,42,42,41,55,55,56,54,54,54,56,58,51,51,51,51,51,40,40,43,44,44,53,53,53,53,33,33,32,32,38,38,38,38,33,33,40,40,42,42,42,38,42,42,46,42,42,42,42,52,55,55,55,55,60,60,60,60,60,60,56,60,60,30,35,39,39,35,28,28,28,28,28,22,0,0,11,7,9,9,9,27,27,27,27,25,25,23,46,46,46
TRBV7-7*01,41,59,59,54,54,58,58,58,58,34,39,39,39,40,40,40,42,37,39,40,40,39,47,47,41,41,47,47,47,47,43,47,37,50,58,57,57,37,37,37,53,53,53,53,53,53,53,51,51,51,45,41,46,46,45,59,59,60,54,58,58,55,59,51,51,51,51,51,41,41,48,49,49,53,53,53,53,38,38,37,37,43,43,43,43,40,40,46,46,43,43,43,35,49,49,49,43,49,49,49,54,54,54,56,56,59,59,59,59,59,59,55,59,59,35,40,44,44,40,33,33,33,33,33,27,11,11,0,4,20,20,20,27,27,27,27,25,25,23,54,54,54
TRBV7-7*02,41,59,59,55,55,58,58,58,58,38,43,43,43,40,40,40,42,37,39,40,40,39,47,47,41,41,47,47,47,48,44,48,36,51,58,57,57,36,36,36,53,53,53,53,53,53,53,51,51,51,46,42,46,46,45,59,59,60,50,54,54,55,59,51,51,51,51,51,41,41,48,49,49,53,53,53,53,38,38,37,37,43,43,43,43,40,40,47,47,43,43,43,35,49,49,49,43,49,49,49,54,54,54,56,56,59,59,59,59,59,59,55,59,59,35,40,44,44,40,33,33,33,33,33,23,7,7,4,0,16,16,16,27,27,27,27,25,25,23,53,53,53
TRBV7-8*01,42,59,59,59,59,59,59,59,59,32,34,34,34,33,33,33,37,31,32,36,36,34,50,50,36,36,47,47,44,36,32,36,32,43,54,58,58,33,33,33,61,61,61,61,61,61,61,58,58,58,39,34,34,34,33,54,54,56,54,54,54,52,57,55,55,55,55,55,40,40,40,41,41,53,53,53,53,39,39,39,39,39,39,39,39,32,32,36,36,42,42,42,38,42,42,46,42,42,43,43,51,55,55,59,59,60,60,60,60,60,60,56,60,60,27,30,34,34,30,23,23,23,23,23,16,9,9,20,16,0,0,0,19,19,19,19,18,18,15,42,42,42
TRBV7-8*02,42,59,59,59,59,59,59,59,59,32,34,34,34,33,33,33,37,31,32,36,36,34,50,50,36,36,47,47,44,36,32,36,32,43,54,58,58,33,33,33,61,61,61,61,61,61,61,58,58,58,39,34,34,34,33,54,54,56,54,54,54,52,57,55,55,55,55,55,40,40,40,41,41,53,53,53,53,39,39,39,39,39,39,39,39,32,32,36,36,42,42,42,38,42,42,46,42,42,43,43,51,55,55,59,59,60,60,60,60,60,60,56,60,60,27,30,34,34,30,23,23,23,23,23,16,9,9,20,16,0,0,0,19,19,19,19,18,18,15,42,42,42
TRBV7-8*03,42,59,59,59,59,59,59,59,59,32,34,34,34,33,33,33,37,31,32,36,36,34,50,50,36,36,47,47,44,36,32,36,32,43,54,58,58,33,33,33,61,61,61,61,61,61,61,58,58,58,39,34,34,34,33,54,54,56,54,54,54,52,57,55,55,55,55,55,40,40,40,41,41,53,53,53,53,39,39,39,39,39,39,39,39,32,32,36,36,42,42,42,38,42,42,46,42,42,43,43,51,55,55,59,59,60,60,60,60,60,60,56,60,60,27,30,34,34,30,23,23,23,23,23,16,9,9,20,16,0,0,0,19,19,19,19,18,18,15,42,42,42
TRBV7-9*01,47,56,56,55,55,56,56,56,56,34,36,36,36,31,31,31,35,29,32,35,35,38,50,50,37,37,39,39,36,39,35,39,37,43,51,55,55,36,36,36,63,63,63,63,63,63,63,55,55,55,35,34,35,35,34,53,53,55,59,59,59,55,53,49,49,49,49,49,46,46,43,44,44,55,55,55,55,45,45,40,40,40,40,40,40,40,40,43,43,43,43,43,39,50,50,46,46,50,51,51,51,52,52,56,56,60,56,56,56,60,56,56,60,60,34,39,43,43,39,35,35,35,35,35,32,27,27,27,27,19,19,19,0,0,0,0,4,4,0,51,51,51
TRBV7-9*02,47,56,56,55,55,56,56,56,56,34,36,36,36,31,31,31,35,29,32,35,35,38,50,50,37,37,39,39,36,39,35,39,37,43,51,55,55,36,36,36,63,63,63,63,63,63,63,55,55,55,35,34,35,35,34,53,53,55,59,59,59,55,53,49,49,49,49,49,46,46,43,44,44,55,55,55,55,45,45,40,40,40,40,40,40,40,40,43,43,43,43,43,39,50,50,46,46,50,51,51,51,52,52,56,56,60,56,56,56,60,56,56,60,60,34,39,43,43,39,35,35,35,35,35,32,27,27,27,27,19,19,19,0,0,0,0,4,4,0,51,51,51
TRBV7-9*03,47,56,56,55,55,56,56,56,56,34,36,36,36,31,31,31,35,29,32,35,35,38,50,50,37,37,39,39,36,39,35,39,37,43,51,55,55,36,36,36,63,63,63,63,63,63,63,55,55,55,35,34,35,35,34,53,53,55,59,59,59,55,53,49,49,49,49,49,46,46,43,44,44,55,55,55,55,45,45,40,40,40,40,40,40,40,40,43,43,43,43,43,39,50,50,46,46,50,51,51,51,52,52,56,56,60,56,56,56,60,56,56,60,60,34,39,43,43,39,35,35,35,35,35,32,27,27,27,27,19,19,19,0,0,0,0,4,4,0,51,51,51
TRBV7-9*04,47,56,56,55,55,56,56,56,56,34,36,36,36,31,31,31,35,29,32,35,35,38,50,50,37,37,39,39,36,39,35,39,37,43,51,55,55,36,36,36,63,63,63,63,63,63,63,55,55,55,35,34,35,35,34,53,53,55,59,59,59,55,53,49,49,49,49,49,46,46,43,44,44,55,55,55,55,45,45,40,40,40,40,40,40,40,40,43,43,43,43,43,39,50,50,46,46,50,51,51,51,52,52,56,56,60,56,56,56,60,56,56,60,60,34,39,43,43,39,35,35,35,35,35,32,27,27,27,27,19,19,19,0,0,0,0,4,4,0,51,51,51
TRBV7-9*05,47,56,56,55,55,56,56,56,56,34,36,36,36,31,31,31,39,33,36,39,39,34,50,50,40,40,43,43,40,39,35,39,37,43,51,55,55,36,36,36,59,59,59,59,59,59,59,59,59,59,35,34,35,35,34,53,53,55,59,59,59,55,53,53,53,53,53,53,46,46,43,44,44,55,55,55,55,41,41,40,40,40,40,40,40,40,40,43,43,43,43,43,39,50,50,46,46,50,51,51,51,52,52,56,56,60,56,56,56,60,56,56,60,60,32,38,42,42,38,34,34,34,34,34,31,25,25,25,25,18,18,18,4,4,4,4,0,0,4,51,51,51
TRBV7-9*06,47,56,56,55,55,56,56,56,56,34,36,36,36,31,31,31,39,33,36,39,39,34,50,50,40,40,43,43,40,39,35,39,37,43,51,55,55,36,36,36,59,59,59,59,59,59,59,59,59,59,35,34,35,35,34,53,53,55,59,59,59,55,53,53,53,53,53,53,46,46,43,44,44,55,55,55,55,41,41,40,40,40,40,40,40,40,40,43,43,43,43,43,39,50,50,46,46,50,51,51,51,52,52,56,56,60,56,56,56,60,56,56,60,60,32,38,42,42,38,34,34,34,34,34,31,25,25,25,25,18,18,18,4,4,4,4,0,0,4,51,51,51
TRBV7-9*07,39,48,48,47,47,48,48,48,48,30,32,32,32,27,27,27,31,21,28,31,31,30,42,42,33,33,31,31,28,31,27,31,33,35,43,47,47,32,32,32,55,55,55,55,55,55,55,47,47,47,27,26,27,28,27,45,45,47,51,51,51,47,47,47,47,47,47,47,38,38,35,36,36,47,47,47,47,37,37,32,32,32,32,32,32,36,36,39,39,39,39,39,39,46,46,46,42,46,47,47,43,44,44,48,48,52,48,48,48,52,48,48,52,52,30,35,39,39,35,31,31,31,31,31,28,23,23,23,23,15,15,15,0,0,0,0,4,4,0,47,47,47
TRBV9*01,48,55,57,61,61,57,57,57,57,50,47,47,47,42,42,42,52,52,45,49,49,52,42,42,49,49,53,53,50,48,44,48,51,58,61,59,59,40,40,40,62,62,62,62,62,62,62,59,59,59,52,52,50,49,49,53,53,52,62,62,62,55,57,56,56,56,56,56,43,47,43,42,42,55,55,53,55,54,54,45,45,47,47,47,47,37,37,36,36,30,29,30,22,27,27,31,30,27,27,27,59,63,63,63,63,64,64,64,64,64,64,64,64,64,50,52,50,50,52,52,52,52,52,52,51,46,46,54,53,42,42,42,51,51,51,51,51,51,47,0,0,0
TRBV9*02,48,55,57,61,61,57,57,57,57,50,47,47,47,42,42,42,52,52,45,49,49,52,42,42,49,49,53,53,50,48,44,48,51,58,61,59,59,40,40,40,62,62,62,62,62,62,62,59,59,59,52,52,50,49,49,53,53,52,62,62,62,55,57,56,56,56,56,56,43,47,43,42,42,55,55,53,55,54,54,45,45,47,47,47,47,37,37,36,36,30,29,30,22,27,27,31,30,27,27,27,59,63,63,63,63,64,64,64,64,64,64,64,64,64,50,52,50,50,52,52,52,52,52,52,51,46,46,54,53,42,42,42,51,51,51,51,51,51,47,0,0,0
TRBV9*03,48,55,57,61,61,57,57,57,57,50,47,47,47,42,42,42,52,52,45,49,49,52,42,42,49,49,53,53,50,48,44,48,51,58,61,59,59,40,40,40,62,62,62,62,62,62,62,59,59,59,52,52,50,49,49,53,53,52,62,62,62,55,57,56,56,56,56,56,43,47,43,42,42,55,55,53,55,54,54,45,45,47,47,47,47,37,37,36,36,30,29,30,22,27,27,31,30,27,27,27,59,63,63,63,63,64,64,64,64,64,64,64,64,64,50,52,50,50,52,52,52,52,52,52,51,46,46,54,53,42,42,42,51,51,51,51,51,51,47,0,0,0
